Code,Name,Year,GDP,emp,rnna,hc,infl,hd30,cdd,r20mm
AUS,Australia,1960,216140.953125,4.15227031707764,1100372.25,2.74675846099854,3.728814,-5.231999999999999,-7.480999999999995,0.11400000000000032
AUS,Australia,1961,219088.328125,4.16426372528076,1135589.375,2.76815295219421,2.287582,11.03363636363636,17.819090909090917,-1.246363636363636
AUS,Australia,1962,232842.765625,4.26416921615601,1182194.125,2.78971362113953,-0.3194888,0.7041666666666515,-9.755833333333342,-0.04249999999999954
AUS,Australia,1963,248562.109375,4.38606357574463,1231092.375,2.81144237518311,0.6410257,-10.159999999999997,11.264615384615382,0.7507692307692304
AUS,Australia,1964,264281.46875,4.54341506958008,1290835.375,2.8333406448364298,2.866242,-1.8842857142856817,-7.939999999999998,-0.112857142857143
AUS,Australia,1965,270176.1875,4.68104219436646,1344057.5,2.8554093837738,3.405573,7.681333333333356,7.99933333333334,-0.6253333333333333
AUS,Australia,1966,286878,4.84978771209717,1402941.625,2.87764978408813,3.293413,-4.5887500000000045,-12.040624999999991,-0.4762500000000003
AUS,Australia,1967,301614.90625,5.00150632858276,1463248.5,2.90006351470947,3.478261,-6.768823529411776,25.637647058823543,0.6217647058823532
AUS,Australia,1968,323228.96875,5.12361621856689,1535040.75,2.92265176773071,2.521008,-8.992777777777746,-17.48666666666665,1.647222222222222
AUS,Australia,1969,346807.96875,5.26686716079712,1611390.25,2.94541621208191,3.278688,2.9505263157894888,5.933684210526323,-0.7494736842105265
AUS,Australia,1970,360562.40625,5.46656227111816,1685673.5,2.96835780143738,3.439153,1.863000000000028,16.517000000000024,-1.0620000000000005
AUS,Australia,1971,374662.03125,5.64900827407837,1761507.25,2.99199271202087,6.138107,-9.155714285714282,-12.949523809523797,0.02857142857142847
AUS,Australia,1972,384476.6875,5.76099920272827,1838995.375,3.01581621170044,6.024096,-1.639545454545441,24.219090909090923,-0.47272727272727266
AUS,Australia,1973,400267.59375,5.92150211334229,1919370.5,3.03982925415039,9.090909,-0.9182608695652164,-32.07391304347824,2.0878260869565213
AUS,Australia,1974,405614.21875,6.03445529937744,1984156.125,3.06403350830078,15.41667,-36.05999999999999,-23.31749999999998,4.040833333333333
AUS,Australia,1975,416113.34375,6.01168203353882,2050902.75,3.08843040466309,15.16245,-20.887599999999964,-14.62479999999998,2.3091999999999997
AUS,Australia,1976,431073.09375,6.09550762176514,2120486.75,3.11302161216736,13.32288,-25.874230769230792,22.987692307692328,1.240384615384615
AUS,Australia,1977,434924.65625,6.14987134933472,2192115.25,3.13780879974365,12.30982,-1.2959259259259284,10.196296296296325,0.5344444444444436
AUS,Australia,1978,452540.96875,6.17055416107178,2274668.75,3.16279315948486,8.004926,-1.1796428571428803,-26.277857142857123,0.6353571428571421
AUS,Australia,1979,466278.5625,6.25266456604004,2355175.5,3.18797659873962,9.122006,7.371034482758631,-12.571724137931014,0.03344827586206822
AUS,Australia,1980,481852.09375,6.43097400665283,2451078.75,3.21336030960083,10.13584,20.655333333333317,-4.292666666666648,-0.3676666666666679
AUS,Australia,1981,497875.53125,6.52753734588623,2551982.25,3.23260474205017,9.487666,10.449032258064506,-17.04419354838707,1.2041935483870958
AUS,Australia,1982,486801,6.53168630599976,2626699.5,3.25196480751038,11.35182,0.5524999999999807,10.758437500000014,-0.5834375000000014
AUS,Australia,1983,509163.40625,6.42645740509033,2705562.5,3.27144050598145,10.03891,-0.06424242424245108,-4.417575757575747,0.8042424242424229
AUS,Australia,1984,536039.375,6.64158773422241,2796189.25,3.29103326797485,3.960396,-9.9523529411764855,-14.367647058823522,1.6905882352941155
AUS,Australia,1985,557300.5,6.86523818969727,2891848.25,3.31074285507202,6.734694,2.6419999999999675,2.5128571428571576,-0.8077142857142876
AUS,Australia,1986,571565.1875,7.15787935256958,2981028,3.33057069778442,9.090435,8.848611111111097,-18.47694444444444,-0.6652777777777796
AUS,Australia,1987,604474.9375,7.32305145263672,3077088,3.35051727294922,8.487576,4.729459459459434,-10.847567567567566,0.5027027027027007
AUS,Australia,1988,627888.4375,7.60127115249634,3185545.75,3.37058329582214,7.212056,10.465000000000003,-7.632105263157882,0.5894736842105246
AUS,Australia,1989,650350.5625,7.9344048500061,3286824.25,3.39076972007751,7.580321,-3.9133333333333553,2.5335897435897436,0.11435897435897324
AUS,Australia,1990,647864.5625,8.06645011901856,3360047.25,3.41107678413391,7.232851,12.684499999999986,-3.379750000000002,-0.3785000000000016
AUS,Australia,1991,650639.25,7.87423372268677,3420984.75,3.42362284660339,3.307224,13.505121951219508,11.812682926829268,0.7507317073170716
AUS,Australia,1992,676968.875,7.83751249313355,3492737.75,3.43621516227722,0.968829,-0.7864285714285586,-15.448571428571428,-0.5471428571428589
AUS,Australia,1993,703914.875,7.87055444717407,3572427.75,3.4488537311554,1.75219,3.411860465116291,-17.06930232558139,0.8655813953488352
AUS,Australia,1994,731268.4375,8.1211748123169,3669155.75,3.46153879165649,1.927019,8.234318181818196,40.408636363636376,-1.1940909090909102
AUS,Australia,1995,759523.875,8.4172887802124,3763744.75,3.4742705821991,4.625905,1.4613333333333571,-12.26933333333332,0.7724444444444423
AUS,Australia,1996,789245.9375,8.6054220199585,3864806.25,3.48704934120178,2.652826,13.05956521739131,-13.642608695652171,0.23565217391304216
AUS,Australia,1997,826050.1875,8.65484237670898,3979691.5,3.49987483024597,0.2247191,8.571702127659563,-8.102340425531906,0.7306382978723391
AUS,Australia,1998,867581.375,8.79393672943115,4097570.25,3.5127477645874,0.8594918,14.153124999999989,-25.87354166666666,1.2054166666666657
AUS,Australia,1999,901603.5,8.95317459106445,4225215,3.52566766738892,1.407929,-2.4357142857142833,-5.61551020408163,0.6608163265306102
AUS,Australia,2000,919862,9.15580081939697,4319261,3.53863549232483,4.457435,-11.257000000000003,3.906800000000004,3.0475999999999983
AUS,Australia,2001,956468.75,9.33692646026611,4429619,3.52751183509827,4.407135,-5.326274509803909,-8.96980392156864,0.7478431372549004
AUS,Australia,2002,986030.875,9.45518779754639,4563002,3.51642346382141,3.048576,22.81615384615384,50.4526923076923,-1.696538461538463
AUS,Australia,2003,1027683.6875,9.67939853668213,4708955.5,3.50536966323853,2.730819,12.2656603773585,-7.439245283018877,0.33547169811320643
AUS,Australia,2004,1060098.5,9.86977863311768,4858963,3.49435067176819,2.341772,11.838518518518498,1.4285185185185156,0.00925925925925774
AUS,Australia,2005,1089307.875,10.1498174667358,5022133.5,3.4833664894104,2.659245,24.033272727272703,0.5425454545454613,-1.1009090909090928
AUS,Australia,2006,1130410.875,10.4159488677979,5187847,3.472416639328,3.554217,4.444107142857149,1.9128571428571348,0.07874999999999854
AUS,Australia,2007,1170950.625,10.7361841201782,5369089.5,3.46150135993958,2.356021,11.3061403508772,-1.1907017543859553,0.6473684210526303
AUS,Australia,2008,1193111.375,11.0429754257202,5542700,3.45062017440796,4.347826,3.361206896551721,2.6298275862069005,0.10620689655172288
AUS,Australia,2009,1219598.25,11.1730194091797,5712208.5,3.43977355957031,1.770152,16.33423728813557,19.22525423728814,0.03440677966101635
AUS,Australia,2010,1248954.875,11.3007745742798,5883105,3.4289608001709,2.863259,-8.468000000000018,-40.795166666666674,2.573833333333331
AUS,Australia,2011,1297872.875,11.5834360122681,6086152,3.44216704368591,3.355879,-16.799180327868868,-11.10639344262296,2.7416393442622944
AUS,Australia,2012,1331646,11.7063789367676,6291468.5,3.45542430877686,1.686383,4.741774193548395,12.882741935483864,0.11741935483870858
AUS,Australia,2013,1366206.125,11.8428659439087,6480480.5,3.4687328338623,2.450495,26.346507936507976,13.988253968253971,-0.6644444444444453
AUS,Australia,2014,1396128.25,11.8968238830566,6648222.5,3.48209238052368,2.512684,16.554843750000003,2.609687500000007,0.44593749999999854
AUS,Australia,2015,1434652.875,12.0478782653809,6797224,3.49550342559814,1.484799,15.810153846153868,3.359538461538463,-0.0709230769230782
AUS,Australia,2016,1467357.125,12.3064651489258,6940895,3.50896620750427,1.277287,15.00060606060606,-32.72136363636364,0.18015151515151384
AUS,Australia,2017,1509594.5,12.4996700286865,7098245,3.52248072624207,1.994955,18.396716417910454,7.797014925373119,0.00746268656716342
AUS,Australia,2018,1542376,12.8947973251343,7245557,3.53604745864868,1.933453,17.03617647058823,27.442352941176463,-0.7026470588235307
AUS,Australia,2019,1540531.375,13.1821699142456,7380284,3.54966616630554,1.565946,25.25927536231885,28.614637681159408,-2.3524637681159435
AUS,Australia,2020,1573054.625,13.200291633606,7524767.5,3.56333756446838,0.8903366,14.398428571428582,-4.894142857142867,0.8311428571428561
AUS,Australia,2021,1639789.75,13.3665046691895,7691365.5,3.5980269908905,2.81963,2.9656338028169387,-9.755211267605633,0.6994366197183091
AUS,Australia,2022,1696231.25,13.7700872421265,7862773.5,3.62050604820251,6.61503,-4.3055555555555145,-23.15972222222223,1.8197222222222216
AUS,Australia,2023,1720506.25,13.7563667297363,8045612.5,3.60863065719605,5.635186,14.143424657534268,13.627534246575324,0.3947945205479444
CAN,Canada,1960,339713.21875,6.57863283157349,1139645.5,2.62957048416138,1.358696,0.06500000000000017,-1.1619999999999957,0.14299999999999935
CAN,Canada,1961,349327.78125,6.59509134292603,1187119.375,2.64926934242249,1.018767,1.479090909090909,2.2136363636363647,-0.02000000000000046
CAN,Canada,1962,373364.0625,6.75977182388306,1241848.5,2.66911578178406,1.061571,-0.6441666666666667,0.62916666666667,0.17166666666666597
CAN,Canada,1963,392593.125,6.90796947479248,1298774.75,2.68911075592041,1.628151,0.26538461538461544,-1.6192307692307717,0.1484615384615382
CAN,Canada,1964,418231.875,7.1467490196228,1364242.25,2.70925569534302,1.912145,0.5364285714285715,-2.893571428571427,0.04785714285714215
CAN,Canada,1965,445473.03125,7.45139455795288,1446952.75,2.72955131530762,2.332657,-0.2393333333333334,-0.05066666666666464,-0.2653333333333334
CAN,Canada,1966,475919,7.70663166046143,1539131.25,2.74999904632568,3.815659,0.13562499999999988,-0.8975000000000009,0.23124999999999973
CAN,Canada,1967,488738.375,7.84659862518311,1614439.375,2.77060008049011,3.579952,0.4276470588235295,1.115294117647057,-0.3323529411764712
CAN,Canada,1968,514377.09375,7.85483026504517,1692662.75,2.79135537147522,4.0553,-0.426111111111111,-1.8166666666666664,0.3661111111111106
CAN,Canada,1969,541618.25,8.10184001922607,1782433.125,2.81226634979248,4.561559,0.1763157894736842,0.14894736842105516,-0.1231578947368428
CAN,Canada,1970,556040.0625,8.09360694885254,1857970.375,2.83333349227905,3.36611,0.9075000000000002,-1.0384999999999955,-0.22700000000000076
CAN,Canada,1971,578386.4375,8.30304431915283,1942730.25,2.85760188102722,2.704915,0.4542857142857144,-1.7190476190476185,-0.10619047619047706
CAN,Canada,1972,610311.4375,8.60748863220215,2030653.375,2.88207769393921,4.988034,-0.3163636363636362,0.3190909090909102,-0.3613636363636372
CAN,Canada,1973,651377.125,9.03525733947754,2128702.5,2.90676331520081,7.487639,-0.19260869565217387,-1.3647826086956556,0.1143478260869557
CAN,Canada,1974,673248.9375,9.49257755279541,2231910.5,2.93166065216064,10.99718,-0.12458333333333328,2.4420833333333327,-0.05041666666666788
CAN,Canada,1975,683653.375,9.58891773223877,2338360.25,2.9567711353302,10.67219,1.0404,2.7144000000000013,-0.13840000000000074
CAN,Canada,1976,723915.5625,9.72191905975342,2449426.25,2.98209643363953,7.541739,0.1803846153846156,-0.629999999999999,0.40692307692307583
CAN,Canada,1977,749504.75,9.88956928253174,2562379.25,3.00763869285584,7.976441,-0.40629629629629616,-3.1766666666666623,-0.01814814814814935
CAN,Canada,1978,777506.0625,10.1958246231079,2676455.25,3.03339982032776,8.973725,-0.2717857142857142,3.5967857142857156,-0.27750000000000075
CAN,Canada,1979,806469.75,10.6511421203613,2798397.75,3.05938172340393,9.144674,0.0475862068965518,1.7327586206896548,-0.05793103448275927
CAN,Canada,1980,824028.125,10.9574146270752,2927349.25,3.08558583259583,10.12922,-0.16399999999999992,0.995000000000001,0.00399999999999911
CAN,Canada,1981,852169.25,11.2800168991089,3075546.5,3.10549879074097,12.47162,0.6012903225806452,-2.4570967741935483,0.00387096774193462
CAN,Canada,1982,825188.25,10.9168910980225,3185758.25,3.12554049491882,10.76897,-0.6174999999999999,-1.4003124999999983,-0.27625000000000144
CAN,Canada,1983,846331.75,11.0030822753906,3287797.75,3.14571118354797,5.86359,1.2412121212121214,-1.9978787878787865,0.27212121212121065
CAN,Canada,1984,896253.1875,11.287880897522,3390773.5,3.16601204872131,4.304776,1.0947058823529414,-0.24911764705882433,0.1041176470588221
CAN,Canada,1985,938714.75,11.651647567749,3509605.5,3.18644404411316,3.962028,-0.49657142857142855,-2.4819999999999993,-0.27885714285714425
CAN,Canada,1986,958629.4375,12.0118141174316,3632857,3.20700788497925,4.194785,-0.12277777777777764,-2.7930555555555543,-0.06111111111111267
CAN,Canada,1987,997664.9375,12.3289222717285,3775359,3.22770428657532,4.356109,0.11054054054054065,-1.0475675675675689,-0.18945945945946097
CAN,Canada,1988,1041670.375,12.7252635955811,3937817,3.24853444099426,4.028234,1.7976315789473682,-1.0600000000000025,0.2955263157894721
CAN,Canada,1989,1066017.625,12.9899101257324,4106727,3.26949906349182,4.983625,1.7115384615384617,-1.2028205128205158,-0.352051282051284
CAN,Canada,1990,1068181.125,13.0858545303345,4255429,3.29059886932373,4.78048,0.31874999999999987,-3.602750000000004,0.30674999999999875
CAN,Canada,1991,1045844.875,12.8660945892334,4381388.5,3.31135082244873,5.625858,1.1009756097560974,-1.27487804878049,0.12926829268292517
CAN,Canada,1992,1055157.625,12.742922782898,4493383,3.33223342895508,1.490138,-0.5852380952380953,-1.474523809523813,-0.04380952380952552
CAN,Canada,1993,1083200.625,12.8117399215698,4598013.5,3.35324788093567,1.86545,-0.8316279069767445,1.3697674418604606,-0.06279069767442014
CAN,Canada,1994,1131880.25,13.0777921676636,4717530.5,3.37439489364624,0.1363725,-0.19272727272727289,0.5786363636363632,0.17863636363636193
CAN,Canada,1995,1162241.125,13.3187160491943,4825124.5,3.39567494392395,2.188716,0.6915555555555553,0.7257777777777754,-0.01533333333333475
CAN,Canada,1996,1181870.875,13.442967414856,4942917.5,3.41708946228027,1.5802,0.01652173913043464,-1.5300000000000047,0.3449999999999984
CAN,Canada,1997,1232456.875,13.7290811538696,5090566.5,3.43863916397095,1.611845,-0.21382978723404267,1.432553191489358,0.5076595744680832
CAN,Canada,1998,1280435,14.0778570175171,5239633.5,3.46032452583313,0.9868118,0.6306249999999998,0.7327083333333277,-0.1929166666666684
CAN,Canada,1999,1346262.25,14.4439992904663,5392401.5,3.48214673995972,1.744292,-0.29224489795918385,-1.8222448979591872,0.6910204081632636
CAN,Canada,2000,1415440.5,14.806040763855,5549067.5,3.50410676002502,2.737636,-0.5764,-0.07580000000000808,-0.1428000000000016
CAN,Canada,2001,1441981.375,14.9712743759155,5715992,3.51891613006592,2.507426,0.7849019607843137,-1.8443137254902064,0.09999999999999833
CAN,Canada,2002,1485230.125,15.3218393325806,5878819.5,3.53378772735596,2.275633,0.919807692307692,2.0611538461538395,-0.0319230769230785
CAN,Canada,2003,1512059.125,15.6996545791626,6055079,3.54872250556946,2.741667,1.062452830188679,1.3922641509433902,0.3386792452830174
CAN,Canada,2004,1558817.375,15.9533767700195,6256085,3.56372046470642,1.841187,-0.6772222222222223,-1.7035185185185249,0.01240740740740653
CAN,Canada,2005,1608862.5,16.1636619567871,6484737.5,3.57878160476685,2.23001,0.8350909090909091,-2.0825454545454605,0.7221818181818169
CAN,Canada,2006,1651303.5,16.4316177368164,6729171,3.59390640258789,2.017763,0.5801785714285714,-1.7853571428571475,0.2092857142857132
CAN,Canada,2007,1685153.5,16.8124904632568,6974573.5,3.60909533500671,2.130584,1.2200000000000002,0.03596491228069709,0.4656140350877181
CAN,Canada,2008,1701927.625,17.0522804260254,7216122.5,3.62434840202332,2.385225,-0.29103448275862065,-0.4646551724137993,0.15758620689655034
CAN,Canada,2009,1652315,16.7656116485596,7393991,3.6396656036377,0.2994231,-0.3261016949152542,-1.0667796610169589,-0.3350847457627131
CAN,Canada,2010,1703384.875,16.9990310668945,7616430.5,3.65504789352417,1.769332,-0.5206666666666666,1.1909999999999954,0.40049999999999875
CAN,Canada,2011,1756823.375,17.2673625946045,7854439,3.66232514381409,2.890463,-0.16213114754098368,-0.37852459016394135,0.4839344262295074
CAN,Canada,2012,1787667.25,17.4798488616943,8110618.5,3.66961669921875,1.529796,0.5604838709677418,-1.3224193548387149,0.19612903225806333
CAN,Canada,2013,1829245.125,17.7335376739502,8366380,3.67692279815674,0.9245942,0.17158730158730173,-1.6314285714285788,0.0830158730158721
CAN,Canada,2014,1881807.875,17.8370094299316,8628899,3.68424344062805,1.920467,-0.18109375000000005,3.164062499999993,0.5217187499999985
CAN,Canada,2015,1894039.125,18.0122566223145,8857728,3.69157862663269,1.118583,0.03169230769230768,-1.0146153846153894,0.0836923076923064
CAN,Canada,2016,1913709.625,18.1368522644043,9056973,3.69892859458923,1.435438,-0.4087878787878788,1.4707575757575704,0.3624242424242414
CAN,Canada,2017,1971768.25,18.4826793670654,9269414,3.7062931060791,1.603376,0.2973134328358209,-3.5311940298507487,0.3270149253731329
CAN,Canada,2018,2025853.25,18.7060432434082,9490253,3.7136721611023,2.242525,1.3329411764705883,0.12073529411764385,0.1022058823529397
CAN,Canada,2019,2064515.375,19.0792541503906,9710064,3.72106599807739,1.955883,-0.44637681159420295,3.408985507246374,0.12072463768115815
CAN,Canada,2020,1960500.25,18.0728626251221,9905462,3.72847461700439,0.7232165,0.9000000000000001,-3.049714285714291,0.9789999999999988
CAN,Canada,2021,2064151,19.0036144256592,10147049,3.73541975021362,3.401485,3.2373239436619716,-3.3867605633802853,0.35521126760563293
CAN,Canada,2022,2142998.75,19.6082496643066,10370393,3.75202083587647,6.802801,0.7723611111111108,1.4302777777777749,0.3602777777777768
CAN,Canada,2023,2169763.25,20.1884651184082,10570840,3.76877570152283,3.879002,1.2517808219178082,0.7106849315068473,-0.284657534246576
DEU,Germany,1960,1265407,37.2704124450684,3372031,2.62843894958496,1.536615,-1.638,-4.585999999999995,0.2669999999999999
DEU,Germany,1961,1328677.25,37.648120880127,3655636.5,2.65571403503418,2.293686,-0.7990909090909091,-5.329090909090905,-0.0772727272727276
DEU,Germany,1962,1391947.625,37.7473106384277,3939226,2.68327212333679,2.843273,-0.6824999999999999,2.515000000000004,-0.7208333333333332
DEU,Germany,1963,1429909.75,37.7966804504395,4204297.5,2.71111607551575,2.966959,1.2,1.1515384615384685,-0.4053846153846157
DEU,Germany,1964,1518488.375,37.846923828125,4515295,2.73924899101257,2.335735,4.704285714285714,-0.21071428571428183,0.48357142857142854
DEU,Germany,1965,1607066.75,37.9869689941406,4842394.5,2.7676739692688,3.242321,-1.779333333333333,-5.176666666666659,1.4313333333333331
DEU,Germany,1966,1645029,37.9016876220703,5146593,2.79639387130737,3.533058,-0.6781250000000001,-5.453124999999995,1.261875
DEU,Germany,1967,1645029,37.1753463745117,5381993,2.82541155815125,1.796049,-0.09823529411764698,-7.902352941176465,0.3576470588235292
DEU,Germany,1968,1733607.5,37.3088188171387,5658863,2.8547306060791,1.4703,-1.0827777777777778,3.526666666666671,0.5777777777777775
DEU,Germany,1969,1860148.25,37.6952095031738,5988881.5,2.88435387611389,1.912674,1.4642105263157896,2.391052631578951,-0.4726315789473685
DEU,Germany,1970,1948726.625,37.9167823791504,6354799,2.91428446769714,3.44547,-1.539,-5.418499999999998,0.8009999999999997
DEU,Germany,1971,2009774.5,37.8544998168945,6738914.5,2.93968844413757,5.240976,2.204285714285714,-0.8204761904761888,-0.4671428571428571
DEU,Germany,1972,2096201.75,37.9924163818359,7121239.5,2.96531367301941,5.484937,0.2540909090909089,4.586818181818185,0.4640909090909089
DEU,Germany,1973,2196347.5,38.350154876709,7488477,2.99116253852844,7.032024,0.7330434782608699,-4.122608695652172,-0.8360869565217393
DEU,Germany,1974,2215896.5,38.0791549682617,7785242.5,3.01723647117615,6.98643,-0.0674999999999999,-1.0808333333333309,-0.3312499999999998
DEU,Germany,1975,2196690.5,37.3638763427734,8042020,3.04353785514832,5.910339,1.7552000000000003,0.00239999999999795,-0.6279999999999999
DEU,Germany,1976,2305410.25,37.3238792419434,8310321.5,3.070068359375,4.246625,5.337692307692308,5.772307692307692,-1.0538461538461537
DEU,Germany,1977,2382577.25,37.3924827575684,8595205,3.09683012962341,3.73417,-2.05,-3.45148148148148,0.2051851851851851
DEU,Germany,1978,2454257,37.7019309997559,8900164,3.12382531166077,2.718692,-1.836785714285714,2.3817857142857157,0.5078571428571426
DEU,Germany,1979,2556117.75,38.2572288513184,9228963,3.15105581283569,4.04362,-1.7834482758620682,-4.920344827586209,0.22034482758620655
DEU,Germany,1980,2592129,38.7229194641113,9556881,3.17852354049683,5.441054,-1.3639999999999994,-2.2563333333333375,-0.18700000000000028
DEU,Germany,1981,2605847.5,38.7912483215332,9836133,3.2028431892395,6.344248,-1.5899999999999994,-6.3635483870967775,2.749032258064516
DEU,Germany,1982,2595558.5,38.5415458679199,10072060,3.22734904289246,5.241043,0.8896875000000004,-1.0546875000000036,-0.046875
DEU,Germany,1983,2636371.5,38.2541236877441,10319101,3.25204229354858,3.293411,3.9327272727272735,2.137272727272723,0.3545454545454545
DEU,Germany,1984,2710794.75,38.3833389282227,10558161,3.27692437171936,2.4058,-0.0229411764705878,1.4544117647058812,1.2541176470588231
DEU,Germany,1985,2773900.5,38.6601829528809,10791098,3.30199670791626,2.06623,-0.8422857142857139,0.5028571428571453,-0.531714285714286
DEU,Germany,1986,2837348.75,39.0774955749512,11032526,3.32726120948792,-0.1294139,0.05111111111111155,2.84888888888889,1.3430555555555554
DEU,Germany,1987,2877133,39.381275177002,11275890,3.35271883010864,0.2499083,-1.55027027027027,-2.358108108108107,0.4167567567567563
DEU,Germany,1988,2983795,39.6400413513184,11541373,3.37837147712708,1.274122,-1.1194736842105262,-5.036052631578947,-0.06421052631579016
DEU,Germany,1989,3100060.25,40.0093269348145,11843850,3.40422010421753,2.780566,0.4592307692307691,3.263076923076923,-0.4825641025641034
DEU,Germany,1990,3262968.5,39.876953125,12189045,3.43026661872864,2.696466,1.4377500000000003,1.4415000000000011,0.3994999999999993
DEU,Germany,1991,3429649.5,39.0394172668457,12553080,3.44363522529602,4.047034,1.1326829268292684,3.5763414634146393,0.2197560975609751
DEU,Germany,1992,3498729,38.5750961303711,12926008,3.45705556869507,5.056978,4.025714285714286,0.8611904761904761,0.47452380952380846
DEU,Germany,1993,3464675.5,38.1237449645996,13242672,3.47052812576294,4.474585,-1.6379069767441856,-1.3088372093023253,1.3134883720930226
DEU,Germany,1994,3554673.5,38.1793022155762,13581039,3.48405337333679,2.693051,10.029318181818184,-1.1990909090909092,1.0736363636363628
DEU,Germany,1995,3608185.75,38.3849334716797,13908999,3.49763154983521,1.706164,3.756444444444445,2.6175555555555583,0.8797777777777771
DEU,Germany,1996,3645644,38.4402847290039,14225370,3.51126217842102,1.243053,-1.1652173913043475,2.480652173913043,-0.179347826086957
DEU,Germany,1997,3713264.25,38.4614028930664,14536507,3.52494621276855,1.507482,0.0895744680851065,0.4878723404255325,-0.02553191489361772
DEU,Germany,1998,3791100.5,38.7734031677246,14867863,3.53868365287781,0.5962059,2.8577083333333335,-1.1122916666666676,0.7449999999999992
DEU,Germany,1999,3871855.25,39.2541007995606,15217082,3.55247449874878,0.6465517,-0.07061224489795848,-4.999591836734696,-0.15020408163265353
DEU,Germany,2000,3983258.25,40.1490707397461,15566046,3.56631898880005,1.413276,0.9508000000000004,-6.499600000000001,-0.36720000000000086
DEU,Germany,2001,4048445.5,40.074951171875,15866557,3.57492637634277,1.900338,1.912156862745098,-4.282156862745101,-0.30000000000000115
DEU,Germany,2002,4039202.5,39.9185104370117,16093383,3.58355450630188,1.32615,1.3553846153846156,1.7101923076923065,2.4557692307692296
DEU,Germany,2003,4017798,39.5227508544922,16296018,3.59220337867737,1.07362,11.799811320754715,2.997924528301887,-1.0905660377358506
DEU,Germany,2004,4064499.25,39.6837577819824,16489087,3.60087323188782,1.780475,-1.068703703703703,-2.207592592592595,-0.04037037037037194
DEU,Germany,2005,4100498.5,39.6711311340332,16680977,3.60956406593323,1.928238,1.4507272727272729,0.12254545454545251,0.09036363636363508
DEU,Germany,2006,4258603,39.8721542358398,16922098,3.61827564239502,1.774744,6.814821428571429,-2.929642857142859,-0.7012500000000017
DEU,Germany,2007,4381681,40.4395866394043,17172432,3.62700843811035,2.270767,-0.3547368421052628,7.541754385964911,2.2410526315789463
DEU,Germany,2008,4421572,41.0326194763184,17415402,3.63576221466064,2.754356,1.0813793103448277,-3.1782758620689666,0.18241379310344685
DEU,Germany,2009,4176388.75,41.1390953063965,17556428,3.64453721046448,0.2461707,-0.8369491525423727,-3.6844067796610176,-0.31067796610169607
DEU,Germany,2010,4349573.5,41.3852577209473,17741678,3.65333318710327,1.11869,5.147,-3.2230000000000008,1.204499999999999
DEU,Germany,2011,4513029.5,41.8781890869141,17981700,3.65577626228333,2.482461,-0.8073770491803276,15.889836065573768,1.0247540983606545
DEU,Germany,2012,4534434.5,42.3279037475586,18208556,3.65822052955627,2.159031,1.5956451612903226,-2.486451612903231,-0.3317741935483882
DEU,Germany,2013,4551947.5,42.5923309326172,18415930,3.66066670417786,1.606529,4.48031746031746,-0.09698412698412896,1.8234920634920624
DEU,Germany,2014,4650702,42.9700469970703,18647862,3.66311454772949,0.7694259,0.35031250000000025,-3.6954687500000034,0.504999999999999
DEU,Germany,2015,4727565,43.3498077392578,18885398,3.66556406021118,0.6796442,10.694923076923075,-1.138615384615388,0.1772307692307682
DEU,Germany,2016,4836048.5,43.9107437133789,19145834,3.66801500320435,0.3666972,3.072878787878788,-2.451363636363636,-0.3054545454545461
DEU,Germany,2017,4967397.5,44.5362663269043,19417412,3.67046761512756,1.702234,0.30701492537313424,-2.664776119402985,1.1491044776119392
DEU,Germany,2018,5022855,45.1352043151856,19707832,3.67292213439941,1.93501,9.4025,2.9744117647058808,-0.13779411764705962
DEU,Germany,2019,5072476,45.5520095825195,20002264,3.67537784576416,1.353624,8.38623188405797,-1.9486956521739105,-0.14579710144927605
DEU,Germany,2020,4864751,45.2257537841797,20254192,3.67783570289612,0.371424,3.866428571428571,3.869142857142858,0.2262857142857135
DEU,Germany,2021,5043287,45.3312225341797,20509570,3.68691277503967,3.212346,-0.8880281690140848,-4.725352112676056,1.3330985915492954
DEU,Germany,2022,5112367,45.8390464782715,20761662,3.69603681564331,8.665802,6.864305555555555,0.11027777777777814,0.1045833333333328
DEU,Germany,2023,5098745,46.0366134643555,20997920,3.70520830154419,6.030186,2.5302739726027395,-0.2612328767123273,0.4231506849315063
ESP,Spain,1960,293869.1875,12.3279142379761,1168611.875,1.94167864322662,1.177758,-4.785999999999998,-5.060000000000009,3.066
ESP,Spain,1961,331634.75,12.534966468811,1243904.625,1.95259690284729,0.809258,0.05909090909091219,-4.720000000000006,0.7172727272727268
ESP,Spain,1962,367128.21875,12.6138048171997,1344088.75,1.96357643604279,5.706481,9.34416666666667,11.50333333333333,0.40749999999999886
ESP,Spain,1963,403985.75,12.6978893280029,1453337,1.97461771965027,8.743698,-7.004615384615384,-5.8415384615384625,1.8361538461538451
ESP,Spain,1964,425763.84375,12.7648706436157,1568090.875,1.9857212305069,6.979253,7.975714285714293,-3.8242857142857143,-0.8950000000000005
ESP,Spain,1965,456325.46875,12.8620481491089,1706229.5,1.99688708782196,13.21413,0.27400000000000446,4.7506666666666675,0.7846666666666655
ESP,Spain,1966,491903.5625,12.984715461731,1862722.75,2.00811553001404,6.24037,-0.8131249999999959,1.0437499999999955,2.1156249999999988
ESP,Spain,1967,511838.75,13.0715503692627,2011165.75,2.01940751075745,6.391633,2.6947058823529453,-4.2376470588235335,-0.06882352941176517
ESP,Spain,1968,543811.8125,13.1647262573242,2169864.75,2.03076267242432,4.954365,1.4450000000000038,-6.532222222222231,-0.33500000000000085
ESP,Spain,1969,595383.25,13.2878074645996,2362908.75,2.04218173027039,2.160347,-2.3410526315789397,-9.608421052631591,1.882631578947367
ESP,Spain,1970,618568.875,13.4227409362793,2543293.5,2.05366516113281,5.75762,5.896000000000008,-1.8780000000000072,-0.07150000000000212
ESP,Spain,1971,647329.0625,13.5325794219971,2706798.75,2.0684175491333,8.236876,-8.064761904761902,-16.028571428571432,0.4119047619047605
ESP,Spain,1972,700084.75,13.7021141052246,2902922.25,2.08327579498291,8.272296,-12.648181818181811,-19.77,2.3731818181818163
ESP,Spain,1973,754610.625,14.0634202957153,3129103.5,2.09824109077454,11.41671,2.3117391304347876,-5.330434782608698,-0.5200000000000022
ESP,Spain,1974,797010.5625,14.1709413528442,3364063,2.11331367492676,15.68037,0.0954166666666687,0.18166666666666487,-0.3483333333333345
ESP,Spain,1975,801332,13.941164970398,3568344.75,2.12849450111389,16.95329,-1.4683999999999957,-5.365600000000001,-0.434400000000001
ESP,Spain,1976,827806.25,13.7717628479004,3759460,2.14378452301025,17.62488,-4.871923076923075,-9.869230769230777,-0.7876923076923088
ESP,Spain,1977,851304.1875,13.6348495483398,3939188.25,2.159184217453,24.53804,-12.851481481481482,-11.843703703703708,0.15148148148148088
ESP,Spain,1978,863758.8125,13.2448387145996,4103657.25,2.17469453811646,19.77369,3.2474999999999987,9.479285714285716,-1.0439285714285722
ESP,Spain,1979,864117.625,12.955885887146,4247884,2.19031643867493,15.66023,-0.4044827586206914,0.7724137931034463,1.492068965517241
ESP,Spain,1980,883203.625,12.6695184707642,4390328.5,2.20605039596558,15.56191,8.049,-4.733333333333334,-0.8376666666666668
ESP,Spain,1981,882033.75,12.3697538375855,4522952,2.22753047943115,14.54935,7.759354838709672,4.649354838709677,-0.6406451612903235
ESP,Spain,1982,893028,12.2641429901123,4653670.5,2.24921941757202,14.41499,4.506874999999997,-8.475937500000004,-0.05062500000000014
ESP,Spain,1983,908835.5,12.2230005264282,4776007.5,2.27111959457397,12.17408,5.82030303030303,-0.509090909090915,-0.5290909090909093
ESP,Spain,1984,925055.4375,11.9513025283813,4879777.5,2.29323315620422,11.28026,2.69911764705882,-1.554117647058824,-0.10352941176470588
ESP,Spain,1985,946529.9375,11.826114654541,4997721,2.31556224822998,8.814464,13.811999999999994,9.970285714285708,-0.6605714285714281
ESP,Spain,1986,977323.6875,12.0880928039551,5140537.5,2.33810830116272,8.794938,7.388333333333325,-0.9266666666666764,-1.0522222222222224
ESP,Spain,1987,1031536.9375,12.6487503051758,5313723,2.36087393760681,5.248024,8.038648648648639,-11.20162162162163,0.6962162162162162
ESP,Spain,1988,1084086.875,13.0674314498901,5522002,2.38386154174805,4.837266,4.5271052631578925,10.56315789473684,-0.7321052631578939
ESP,Spain,1989,1136416,13.5120267868042,5762707.5,2.40707278251648,6.791436,9.661025641025638,-5.077692307692317,1.206666666666668
ESP,Spain,1990,1179388.5,13.9969367980957,6015533,2.4305100440979,6.721816,9.759499999999996,-1.2107500000000044,-1.9734999999999996
ESP,Spain,1991,1209415.625,14.1776113510132,6261006,2.45371913909912,5.934214,15.741463414634143,0.4487804878048749,-0.8553658536585362
ESP,Spain,1992,1220653.875,13.9842557907105,6475687.5,2.47714948654175,5.924533,2.676666666666666,-2.2819047619047694,0.3650000000000002
ESP,Spain,1993,1208062.75,13.5949850082397,6643397.5,2.50080394744873,4.872252,0.5044186046511605,1.3911627906976705,-1.1234883720930222
ESP,Spain,1994,1236853.25,13.5356588363647,6813702,2.52468395233154,4.627007,16.87295454545454,14.179545454545456,-0.8879545454545443
ESP,Spain,1995,1270959.5,13.8005857467651,7008937,2.54879212379456,4.575812,2.5779999999999994,0.3744444444444426,-0.4582222222222212
ESP,Spain,1996,1304098.5,14.0062837600708,7206190.5,2.56882691383362,3.56882,0.8019565217391253,-5.403695652173923,2.4217391304347835
ESP,Spain,1997,1350880.5,14.536865234375,7416528,2.58531641960144,1.879043,-4.795106382978727,7.961276595744671,2.010212765957448
ESP,Spain,1998,1408995.125,15.1839599609375,7662546.5,2.6019115447998,1.765017,11.434791666666662,2.4954166666666566,-1.8516666666666652
ESP,Spain,1999,1471115.75,15.8899917602539,7940892.5,2.61861324310303,2.232071,9.6814285714285635,-3.1255102040816425,-0.4938775510204074
ESP,Spain,2000,1547623.25,16.7095985412598,8241214,2.63542246818543,3.485105,12.477799999999997,12.636999999999992,-0.3939999999999992
ESP,Spain,2001,1608276,17.2715892791748,8547612,2.65172410011292,2.82478,13.603137254901956,3.779215686274505,0.64372549019608
ESP,Spain,2002,1652591.375,17.6519527435303,8863274,2.66812658309937,3.59045,4.251538461538459,0.9865384615384514,-0.3586538461538451
ESP,Spain,2003,1701165.75,18.2189865112305,9206040,2.68463063240051,3.103475,23.011320754716976,-1.5920754716981165,1.0881132075471711
ESP,Spain,2004,1754149,18.9272861480713,9563767,2.70123672485352,3.053744,12.20518518518518,-2.322592592592592,-0.942037037037036
ESP,Spain,2005,1816442.875,19.6944122314453,9952367,2.71794581413269,3.384065,17.663272727272727,0.5296363636363566,-2.194909090909089
ESP,Spain,2006,1889889.5,20.5240821838379,10374336,2.73475813865662,3.561321,18.487857142857138,-7.40982142857144,0.5942857142857161
ESP,Spain,2007,1956668.75,21.1619625091553,10807365,2.75167417526245,2.843016,1.423508771929825,-1.0098245614035122,-0.8361403508771907
ESP,Spain,2008,1971679.625,21.1621417999268,11188165,2.76869511604309,4.130672,4.728965517241377,-3.622413793103448,0.02827586206896715
ESP,Spain,2009,1897384.25,19.8330078125,11427511,2.78582119941711,-0.2389648,18.89881355932203,2.788983050847456,0.0777966101694938
ESP,Spain,2010,1899170,19.4772911071777,11629040,2.80305314064026,2.042845,10.473833333333332,-5.6875,1.666500000000002
ESP,Spain,2011,1887016.875,18.9978351593018,11779121,2.82275176048279,3.049871,14.132131147540974,4.685737704918026,-1.060819672131145
ESP,Spain,2012,1832951.75,18.1855907440186,11883093,2.84258842468262,2.43611,21.264193548387095,8.550161290322578,-0.26370967741935214
ESP,Spain,2013,1806789.5,17.7899723052979,11963375,2.8625648021698,1.529786,11.516666666666666,2.434444444444445,1.0304761904761932
ESP,Spain,2014,1834261.5,17.9778270721436,12061736,2.88268136978149,-0.1900984,5.56671875,1.596406249999994,0.3343750000000023
ESP,Spain,2015,1908748.5,18.5016555786133,12182141,2.90293955802918,-0.6293474,19.961076923076917,0.8118461538461546,-0.920769230769228
ESP,Spain,2016,1964391.375,18.8996028900147,12303894,2.92333984375,-0.3366667,21.58863636363635,0.509545454545453,0.7131818181818197
ESP,Spain,2017,2021281,19.4177379608154,12455941,2.94388365745544,2.036021,24.79641791044775,2.201940298507459,-0.8674626865671624
ESP,Spain,2018,2069698.875,19.8492450714111,12638864,2.96457171440125,1.735625,13.31176470588234,-0.7304411764705918,1.2352941176470615
ESP,Spain,2019,2110289.5,20.3613681793213,12842038,2.9854052066803,0.7797083,15.768840579710137,8.760144927536238,0.4473913043478284
ESP,Spain,2020,1879422.25,19.4599609375,12976737,3.00638508796692,-0.3372843,15.913571428571425,-2.7149999999999963,-0.22899999999999743
ESP,Spain,2021,2005026.75,19.9853763580322,13126397,3.02822971343994,3.00814,8.829436619718308,0.04323943661972151,0.3142253521126781
ESP,Spain,2022,2128923.75,20.5351524353027,13295520,3.05045986175537,8.322563,30.466805555555545,7.1626388888888926,-0.28013888888888605
ESP,Spain,2023,2185886.5,20.927074432373,13468885,3.07308387756348,3.40027,20.769452054794513,6.8345205479452105,-0.04630136986301192
FRA,France,1960,672229.1875,20.1874599456787,3661011.75,2.11761331558228,3.619172,-2.229999999999999,-5.703999999999997,2.1640000000000006
FRA,France,1961,706563.4375,20.1794490814209,3839045,2.13618278503418,3.303965,4.762727272727274,2.8545454545454554,-0.0827272727272721
FRA,France,1962,753547.25,20.1632843017578,4036869,2.15491509437561,4.812671,3.015833333333334,2.5266666666666673,0.2541666666666673
FRA,France,1963,802338.0625,20.3136711120605,4246790.5,2.17381167411804,4.911363,-2.1261538461538456,2.0123076923076937,0.31461538461538474
FRA,France,1964,854743.0625,20.5300216674805,4489864.5,2.19287395477295,3.130194,3.945714285714287,-0.6714285714285708,-0.2878571428571428
FRA,France,1965,896305.625,20.5930824279785,4730681.5,2.21210360527039,2.766586,-2.3473333333333324,-7.126666666666665,2.341333333333332
FRA,France,1966,943289.375,20.751823425293,4995013,2.23150157928467,3.240983,-1.6406249999999991,-6.191249999999998,1.3149999999999986
FRA,France,1967,990273.125,20.8096904754639,5269817,2.25106978416443,3.139241,1.0458823529411774,-4.177058823529411,-0.02235294117647157
FRA,France,1968,1033642.8125,20.7566013336182,5553856,2.27080965042114,4.737359,-0.8422222222222215,-6.104999999999997,1.3088888888888874
FRA,France,1969,1107732.5,21.0690803527832,5876580,2.29072260856628,6.608859,0.18210526315789544,-0.3936842105263132,1.009999999999998
FRA,France,1970,1176401.125,21.3526096343994,6208542.5,2.31081008911133,5.297868,-0.4869999999999992,-3.0440000000000005,0.3794999999999984
FRA,France,1971,1239117,21.4435920715332,6557934,2.33817386627197,5.699374,1.3461904761904764,-1.899047619047618,1.1014285714285696
FRA,France,1972,1295348.625,21.5748462677002,6918256.5,2.36586165428162,6.142603,-2.5149999999999997,-0.6427272727272708,1.461363636363635
FRA,France,1973,1380978.75,21.8702335357666,7300837,2.39387726783752,7.219948,4.174347826086956,-1.0347826086956502,-0.2821739130434793
FRA,France,1974,1445766.25,22.0702304840088,7679678.5,2.42222452163696,13.72787,0.02041666666666763,-6.411666666666667,0.7295833333333324
FRA,France,1975,1429521,21.8954029083252,7999241,2.45090770721436,11.7656,3.2596000000000007,-1.6351999999999975,-0.5495999999999999
FRA,France,1976,1492223,22.0878887176514,8313636.5,2.47993040084839,9.871655,9.09423076923077,6.757692307692309,0.5615384615384613
FRA,France,1977,1545536.125,22.2983894348145,8604457,2.50929665565491,9.345098,-4.322592592592592,-2.83259259259259,1.06074074074074
FRA,France,1978,1605742.25,22.4010353088379,8897798,2.53901100158691,9.035118,-2.148214285714285,6.418571428571433,-0.1971428571428575
FRA,France,1979,1665079.375,22.5600261688232,9194331,2.56610155105591,10.69418,-2.4041379310344824,-0.4627586206896517,1.2396551724137934
FRA,France,1980,1692993,22.6753540039063,9495147,2.58652067184448,13.55932,-1.8439999999999992,-5.08733333333333,-0.10166666666666656
FRA,France,1981,1713111.25,22.6763401031494,9774269,2.60722041130066,13.267,-0.8445161290322578,-1.8232258064516105,3.1016129032258064
FRA,France,1982,1754954.125,22.759349822998,10034431,2.62808585166931,11.56662,1.7418750000000005,0.19375000000000145,1.8846875
FRA,France,1983,1777102.75,22.7817878723145,10262360,2.64911818504334,9.383203,6.189090909090909,5.0678787878787865,0.3975757575757584
FRA,France,1984,1805704.625,22.6699981689453,10473945,2.67031908035278,7.378524,0.6770588235294115,0.6188235294117668,0.25588235294117734
FRA,France,1985,1834037.5,22.6586856842041,10687240,2.69168925285339,5.698324,0.1977142857142855,4.161142857142856,-1.58142857142857
FRA,France,1986,1877862.375,22.8053894042969,10913934,2.71323084831238,2.43129,1.9222222222222216,-0.7344444444444456,0.9125000000000004
FRA,France,1987,1925799.5,23.0355682373047,11161033,2.73494482040405,3.302374,2.85027027027027,-2.5745945945945934,1.0878378378378375
FRA,France,1988,2018511.875,23.293815612793,11449886,2.75683236122131,2.647353,-0.8947368421052637,-1.3768421052631616,0.01921052631579023
FRA,France,1989,2107430.5,23.6146640777588,11774180,2.77889513969421,3.600973,2.6782051282051276,4.148461538461536,-1.7112820512820504
FRA,France,1990,2167063.25,23.82763671875,12110387,2.80113434791565,3.42884,7.681249999999999,0.7847499999999954,-0.458499999999999
FRA,France,1991,2193862.25,23.9008960723877,12422525,2.81006145477295,3.404539,3.52390243902439,5.505609756097559,-1.4973170731707306
FRA,France,1992,2227122.75,23.7733936309814,12703281,2.81901693344116,2.453196,3.0999999999999996,-0.8754761904761885,0.828333333333334
FRA,France,1993,2219127.25,23.5550289154053,12925820,2.82800102233887,2.223423,-0.7820930232558139,4.224883720930233,1.5490697674418603
FRA,France,1994,2272024,23.6917133331299,13150710,2.83701348304749,1.68193,7.705681818181819,-2.3111363636363613,1.4538636363636366
FRA,France,1995,2324389.25,23.9412651062012,13373653,2.84605479240418,1.792673,5.974444444444444,-1.8997777777777785,0.03155555555555622
FRA,France,1996,2356862.75,24.0886898040772,13589628,2.85512518882751,2.06294,-0.16543478260869549,-0.25847826086956616,1.150869565217392
FRA,France,1997,2416422.25,24.2841091156006,13797318,2.86422419548035,1.26892,1.398085106382978,9.537021276595748,-0.6036170212765954
FRA,France,1998,2499851.5,24.7212085723877,14039035,2.87335228919983,0.6753789,4.348958333333333,1.3683333333333323,-1.0410416666666666
FRA,France,1999,2584829.25,25.3317165374756,14319993,2.88250946998596,0.573766,0.3702040816326528,-5.259591836734694,1.7202040816326525
FRA,France,2000,2691867,25.9722766876221,14634065,2.89169573783875,1.812345,1.9228000000000005,-3.7544,1.0357999999999992
FRA,France,2001,2742998,26.3433265686035,14944624,2.90776181221008,1.782214,4.845098039215687,-2.3807843137254885,0.6954901960784312
FRA,France,2002,2772286.25,26.4711647033691,15226758,2.92391729354858,1.938354,1.1119230769230768,-2.594999999999999,0.9621153846153838
FRA,France,2003,2799117.5,26.4783000946045,15512218,2.94016242027283,2.171525,20.680943396226414,1.6539622641509482,-0.5260377358490578
FRA,France,2004,2879403,26.5107498168945,15814386,2.95649790763855,2.336402,2.3579629629629633,-2.606666666666662,-0.9462962962962972
FRA,France,2005,2933782.5,26.6906929016113,16130136,2.97292399406433,1.889294,8.11509090909091,-3.1992727272727244,-1.8390909090909096
FRA,France,2006,3013407.25,26.9864654541016,16471458,2.98944115638733,1.891848,10.32017857142857,-1.3721428571428549,0.3937499999999998
FRA,France,2007,3089661,27.3878574371338,16846336,3.00605034828186,1.602285,-2.0008771929824567,1.9319298245614045,-0.4731578947368434
FRA,France,2008,3101406.75,27.538179397583,17210226,3.0227518081665,3.159619,-0.956379310344828,-1.6313793103448295,0.5949999999999998
FRA,France,2009,3013806.25,27.2370872497559,17468370,3.039546251297,0.1019745,5.2098305084745755,-1.563728813559326,-0.42508474576271293
FRA,France,2010,3074092,27.2687683105469,17735858,3.05643367767334,1.739013,3.013000000000001,-1.8076666666666696,0.03199999999999914
FRA,France,2011,3149025.5,27.4861965179443,18011934,3.07526326179504,2.291456,1.5236065573770483,3.3219672131147497,-0.6285245901639351
FRA,France,2012,3154814.25,27.5935134887695,18274706,3.09420895576477,2.218468,5.179032258064517,-1.7516129032258083,0.8616129032258053
FRA,France,2013,3179477.25,27.6532554626465,18522780,3.11327147483826,0.9898221,4.6368253968253965,-1.8538095238095271,2.007936507936507
FRA,France,2014,3211203.5,27.7969665527344,18757598,3.13245129585266,0.6108971,-1.595625,-1.314843750000005,0.6865624999999991
FRA,France,2015,3245458.75,27.8431262969971,18986968,3.15174913406372,0.0867411,12.068923076923078,0.5853846153846085,-0.18400000000000105
FRA,France,2016,3273370.75,28.0140552520752,19230126,3.17116594314575,0.3049974,7.356060606060605,3.526515151515145,0.00878787878787878
FRA,France,2017,3341575.25,28.3189086914063,19494636,3.19070243835449,1.162279,9.10626865671642,-0.4761194029850806,-0.9213432835820904
FRA,France,2018,3396574.5,28.5732021331787,19778842,3.21035933494568,2.099108,10.332352941176474,-1.779117647058829,0.71220588235294
FRA,France,2019,3465438.25,28.8874206542969,20087500,3.23013734817505,1.298242,13.922608695652174,2.1166666666666565,0.5018840579710133
FRA,France,2020,3207587.25,28.8509006500244,20318816,3.25003695487976,0.5240757,11.593714285714286,4.416428571428565,-0.4252857142857147
FRA,France,2021,3428344.5,29.5810012817383,20642360,3.27051472663879,2.066416,0.5804225352112669,-2.1657746478873285,0.3607042253521122
FRA,France,2022,3516481.75,30.2880458831787,20959584,3.29128694534302,5.905798,20.03236111111111,1.3943055555555477,-0.6943055555555562
FRA,France,2023,3549412.75,30.592170715332,21260192,3.31235980987549,5.664155,12.49794520547945,6.265205479452046,-0.14479452054794528
GBR,United Kingdom,1960,881476.125,24.1862182617188,2877786.5,2.5501389503479,0.794439,-0.02299999999999999,-5.946000000000003,0.008
GBR,United Kingdom,1961,900465.1875,24.4792537689209,3025962.75,2.57157015800476,3.251232,0.01909090909090909,-1.9254545454545493,-0.5227272727272729
GBR,United Kingdom,1962,916314.25,24.5977249145508,3152963,2.58991956710815,4.198473,-0.01249999999999999,-0.115000000000002,-0.05916666666666703
GBR,United Kingdom,1963,951754.3125,24.6510524749756,3285990.25,2.60839986801147,2.106227,-0.02153846153846153,0.37384615384615216,-1.1846153846153848
GBR,United Kingdom,1964,1005186.1875,25.0008335113525,3493107.5,2.62701201438904,3.2287,-0.02999999999999999,-2.312857142857144,-0.01000000000000067
GBR,United Kingdom,1965,1028562.625,25.2548656463623,3689947.25,2.64575695991516,4.257168,-0.018,-1.0886666666666684,0.7606666666666659
GBR,United Kingdom,1966,1048599.5,25.3700752258301,3874917,2.66463565826416,4,-0.026875,-4.110625000000004,0.10312499999999948
GBR,United Kingdom,1967,1071975.875,25.0639705657959,4078845.25,2.68364930152893,2.24359,-0.03529411764705884,-4.828823529411768,0.6070588235294112
GBR,United Kingdom,1968,1148784.125,24.9446697235107,4305568.5,2.70279836654663,3.996865,-0.03333333333333334,-0.8505555555555588,1.3733333333333326
GBR,United Kingdom,1969,1138765.75,24.9468021392822,4517504,2.72208428382874,5.199699,-0.02157894736842106,-2.6457894736842142,0.04105263157894656
GBR,United Kingdom,1970,1162142.125,24.8593711853027,4720249.5,2.7415075302124,6.36657,-0.01050000000000001,-3.3735000000000053,-0.17100000000000026
GBR,United Kingdom,1971,1202871.875,24.5001106262207,4921658,2.76375412940979,9.444843,-0.03000000000000001,-2.0528571428571496,0.4671428571428571
GBR,United Kingdom,1972,1254856,24.5797557830811,5111616,2.78618144989014,7.071092,-0.03863636363636365,1.760454545454543,-0.794090909090909
GBR,United Kingdom,1973,1336721,24.9559898376465,5322740.5,2.80879044532776,9.196043,-0.00695652173913044,-2.24608695652174,0.3304347826086951
GBR,United Kingdom,1974,1303511.5,25.0299034118652,5513565.5,2.83158326148987,16.04399,-0.01666666666666667,0.5274999999999963,-0.12333333333333352
GBR,United Kingdom,1975,1284302.25,24.935941696167,5685834,2.85456085205078,24.20729,0.434,-1.3036000000000063,-0.26839999999999975
GBR,United Kingdom,1976,1321678.75,24.7842655181885,5860263.5,2.87772464752197,16.55953,1.0973076923076923,6.8565384615384595,0.5719230769230772
GBR,United Kingdom,1977,1354162.375,24.8080101013184,6018187,2.90107679367065,15.84027,-0.06333333333333335,-0.49740740740741174,0.17074074074074108
GBR,United Kingdom,1978,1411094.875,24.9439601898193,6181156.5,2.92461824417114,8.263137,-0.07107142857142859,-1.47964285714286,-0.11535714285714338
GBR,United Kingdom,1979,1463997.125,25.191520690918,6347123,2.94835090637207,13.42129,-0.05862068965517242,-2.238620689655175,0.7586206896551722
GBR,United Kingdom,1980,1434257.875,25.0724506378174,6480099.5,2.97227597236633,17.96593,-0.05666666666666667,-2.3640000000000043,1.0133333333333328
GBR,United Kingdom,1981,1422959.625,24.3966007232666,6566249,2.99403405189514,11.87662,-0.05483870967741935,-3.817741935483875,1.6406451612903226
GBR,United Kingdom,1982,1451346.25,23.9311828613281,6679065,3.01595163345337,8.598871,-0.05312499999999999,0.13156249999999758,1.4393749999999996
GBR,United Kingdom,1983,1512619.875,23.7543182373047,6813286,3.03802943229675,4.609298,0.16848484848484852,-0.6524242424242459,0.4457575757575758
GBR,United Kingdom,1984,1546942.875,24.280704498291,6989829,3.06026864051819,4.960717,-0.06647058823529411,1.446764705882348,0.1726470588235296
GBR,United Kingdom,1985,1611100.875,24.5868968963623,7178885.5,3.08267092704773,6.071391,-0.05457142857142856,2.125428571428568,0.8177142857142861
GBR,United Kingdom,1986,1661856.125,24.7273426055908,7369143.5,3.10523724555969,3.427619,-0.05305555555555553,2.8863888888888845,1.0949999999999998
GBR,United Kingdom,1987,1751475.625,25.1968173980713,7603450,3.12796854972839,4.148914,-0.05162162162162161,-2.351621621621625,0.7154054054054058
GBR,United Kingdom,1988,1851877.625,26.009744644165,7918820,3.15086627006531,4.209402,-0.04026315789473682,-3.2097368421052668,-0.2234210526315792
GBR,United Kingdom,1989,1899611.625,26.6827716827393,8257477,3.17393183708191,5.809127,0.02076923076923079,6.3025641025641015,1.1723076923076925
GBR,United Kingdom,1990,1913550.125,26.8130588531494,8544590,3.19716620445251,8.039212,0.80025,-3.935000000000001,1.863
GBR,United Kingdom,1991,1892441.25,26.0993633270264,8755164,3.22711420059204,7.535064,-0.07926829268292682,3.1309756097560957,0.6575609756097567
GBR,United Kingdom,1992,1900031.375,25.4859943389893,8969934,3.25734281539917,4.231997,-0.07738095238095238,-2.3335714285714317,0.8719047619047626
GBR,United Kingdom,1993,1947339.125,25.2544212341309,9184640,3.28785467147827,2.555911,-0.0655813953488372,1.0906976744186032,1.0016279069767453
GBR,United Kingdom,1994,2022234,25.4528388977051,9443957,3.31865215301514,1.985981,0.01590909090909092,-2.67409090909091,-0.3011363636363633
GBR,United Kingdom,1995,2073430.125,25.7614154815674,9714158,3.34973835945129,2.609138,0.5355555555555556,2.7653333333333308,0.5255555555555556
GBR,United Kingdom,1996,2126966,26.0038318634033,10011703,3.38111543655396,2.431159,0.04391304347826089,0.2752173913043485,-0.5558695652173911
GBR,United Kingdom,1997,2231711.75,26.4677295684814,10239422,3.41278648376465,1.81642,-0.07702127659574466,2.6093617021276607,0.04595744680851021
GBR,United Kingdom,1998,2307649.25,26.7448692321777,10495672,3.4447546005249,1.55804,-0.05541666666666664,-4.594999999999999,1.4249999999999998
GBR,United Kingdom,1999,2378224.5,27.1180992126465,10746363,3.47702193260193,1.346762,-0.00428571428571428,-3.98122448979592,1.615918367346938
GBR,United Kingdom,2000,2481478.25,27.4407138824463,11021753,3.50959134101868,0.7973192,-0.0442,-1.4916000000000018,2.1635999999999993
GBR,United Kingdom,2001,2545321.5,27.6704654693604,11300335,3.52848124504089,1.238106,0.00666666666666666,-3.1723529411764737,-0.5888235294117647
GBR,United Kingdom,2002,2591026.75,27.901273727417,11571851,3.54747271537781,1.234288,-0.05346153846153845,1.0686538461538433,1.2625000000000002
GBR,United Kingdom,2003,2672705,28.18239402771,11844275,3.56656646728516,1.375839,0.7175471698113207,1.298490566037735,-1.561320754716981
GBR,United Kingdom,2004,2738397.5,28.5074005126953,12123316,3.5857629776001,1.346133,-0.07574074074074075,-3.515555555555558,1.0075925925925922
GBR,United Kingdom,2005,2813228.5,28.8082962036133,12419481,3.60506272315979,2.035928,0.01563636363636364,-4.701636363636364,0.9292727272727276
GBR,United Kingdom,2006,2880202.75,29.1150722503662,12722053,3.62446665763855,2.347418,0.7653571428571428,-2.917678571428569,0.8926785714285712
GBR,United Kingdom,2007,2955804.5,29.3505821228027,13040559,3.64397478103638,2.314429,-0.07807017543859648,3.0535087719298275,1.5470175438596492
GBR,United Kingdom,2008,2948451,29.5937175750732,13313922,3.66358780860901,3.596902,-0.07672413793103447,-2.259137931034481,1.9203448275862072
GBR,United Kingdom,2009,2812216.25,29.1409282684326,13481118,3.68330645561218,2.183535,-0.07542372881355933,-0.5608474576271156,0.747796610169492
GBR,United Kingdom,2010,2875021.75,29.2130317687988,13673292,3.70313143730164,3.301569,-0.06416666666666666,-2.3915000000000006,-0.634666666666666
GBR,United Kingdom,2011,2907749.75,29.3527164459229,13855407,3.7108952999115,4.463287,-0.05311475409836067,-1.522295081967208,0.2957377049180332
GBR,United Kingdom,2012,2951627.75,29.7002601623535,14043483,3.71867561340332,2.800821,-0.07225806451612904,-3.3777419354838667,2.020967741935484
GBR,United Kingdom,2013,3004754.75,30.077953338623,14248650,3.72647213935852,2.56833,0.14888888888888885,1.585873015873016,0.2688888888888892
GBR,United Kingdom,2014,3100745.75,30.7841739654541,14497129,3.7342848777771,1.471957,-0.07343749999999999,-4.038906249999998,0.4746875000000004
GBR,United Kingdom,2015,3169671.75,31.3055820465088,14790073,3.74211430549622,0.0500208,0.11769230769230772,-4.786769230769226,1.8073846153846156
GBR,United Kingdom,2016,3230583.5,31.7521629333496,15111976,3.74996018409729,0.6416132,0.23590909090909093,-2.314242424242419,-0.2899999999999996
GBR,United Kingdom,2017,3316404.25,32.0961074829102,15446485,3.75782227516174,2.690843,0.03238805970149253,-3.4097014925373106,-0.22567164179104493
GBR,United Kingdom,2018,3363006,32.4683494567871,15760226,3.76570081710815,2.475208,0.2919117647058823,4.920441176470593,-0.09235294117647053
GBR,United Kingdom,2019,3417637.5,32.830810546875,16078276,3.7735960483551,1.778127,0.8076811594202898,-2.990869565217384,1.438985507246377
GBR,United Kingdom,2020,3065726,32.5165557861328,16290162,3.78150773048401,0.8812616,1.076142857142857,2.31185714285715,2.6784285714285714
GBR,United Kingdom,2021,3328641,32.6584777832031,16572071,3.80263948440552,2.582376,-0.11901408450704223,-1.130704225352105,0.7807042253521135
GBR,United Kingdom,2022,3489716.75,33.2111167907715,16889570,3.82441544532776,9.053559,2.162638888888889,0.18500000000000935,-0.2001388888888891
GBR,United Kingdom,2023,3501581,33.6068077087402,17199100,3.84644913673401,7.30187,0.03301369863013698,8.332465753424664,1.1326027397260274
ITA,Italy,1960,682835.9375,20.6565742492676,2740727.75,1.91244149208069,2.620968,-3.5389999999999997,-3.881,4.1690000000000005
ITA,Italy,1961,739581.25,20.7880172729492,2941411,1.92709136009216,2.968784,3.2727272727272716,-1.2281818181818167,-1.0199999999999996
ITA,Italy,1962,784977.625,20.7273464202881,3153826.75,1.94185364246368,5.08798,13.249999999999998,2.7741666666666696,-0.964999999999998
ITA,Italy,1963,828482.3125,20.3835792541504,3375674.25,1.95672881603241,7.585233,-3.9192307692307704,-8.119230769230764,1.759230769230772
ITA,Italy,1964,851180.4375,20.3127975463867,3560408.25,1.97171819210053,5.887868,-6.519285714285717,-5.179285714285712,0.4735714285714306
ITA,Italy,1965,879553.1875,19.817361831665,3717459.75,1.9868221282959,4.30317,-3.0446666666666697,3.0460000000000065,0.4620000000000015
ITA,Italy,1966,932515.5625,19.4938144683838,3886358,2.0020418167114298,2.037351,-6.884375000000002,-7.164374999999996,3.063125000000001
ITA,Italy,1967,998718.5,19.7364826202393,4090878.5,2.01737833023071,2.063985,-1.7894117647058856,-6.172941176470587,-0.6670588235294126
ITA,Italy,1968,1064921.5,19.7263717651367,4307383.5,2.03283214569092,1.25,-8.540000000000003,-5.399999999999999,0.9400000000000012
ITA,Italy,1969,1129232.75,19.5848121643066,4560455.5,2.04840421676636,2.664068,-7.370526315789474,-6.3657894736842096,-0.02947368421052587
ITA,Italy,1970,1271096.25,19.6758079528809,4955094.5,2.06409573554993,4.80769,-0.5120000000000005,-4.387499999999996,-0.8879999999999999
ITA,Italy,1971,1294206.125,19.6728343963623,5340196.5,2.08577346801758,4.791664,1.972380952380952,-3.848571428571425,-0.45571428571428463
ITA,Italy,1972,1341968.625,19.6226406097412,5726575,2.10767889022827,5.749507,-8.217272727272727,-9.87363636363636,3.5950000000000006
ITA,Italy,1973,1437595.5,19.8837413787842,6134865.5,2.1298143863678,10.79862,-2.400000000000002,-3.0343478260869503,-0.31130434782608774
ITA,Italy,1974,1516665.25,20.1719627380371,6542676,2.15218234062195,19.15976,-1.820000000000002,-3.717916666666664,-0.5683333333333334
ITA,Italy,1975,1484964.5,20.1881008148193,6889417,2.17478513717651,16.95051,-5.8072000000000035,-1.6691999999999965,1.2843999999999998
ITA,Italy,1976,1590774,20.4029140472412,7223812.5,2.19762563705444,16.61417,-8.893846153846157,-5.8949999999999925,2.965
ITA,Italy,1977,1631505.625,20.4788055419922,7560345.5,2.22070574760437,17.13004,-8.414444444444449,-2.3766666666666616,1.2951851851851846
ITA,Italy,1978,1684368.625,20.5631484985352,7889368,2.24402809143066,12.09402,-7.793928571428574,10.938214285714292,1.05892857142857
ITA,Italy,1979,1784743,20.816478729248,8243231.5,2.26759552955627,14.79858,-4.7851724137931075,-0.9789655172413704,3.492413793103447
ITA,Italy,1980,1845960,21.1912574768066,8626153,2.29141068458557,21.06417,-4.955666666666668,1.4736666666666771,-0.3440000000000012
ITA,Italy,1981,1861544,21.2429008483887,8972646,2.31639218330383,17.9693,-4.045806451612908,-2.8938709677419254,0.1270967741935447
ITA,Italy,1982,1869243.25,21.3010883331299,9276887,2.34164619445801,16.48041,3.7506249999999977,-2.1234374999999908,-0.6268750000000036
ITA,Italy,1983,1891098.375,21.3517684936523,9560125,2.36717534065247,14.64658,1.7369696969696928,-2.7890909090908984,-1.6178787878787908
ITA,Italy,1984,1952102.375,21.3420295715332,9861980,2.39298295974731,10.7945,-5.004117647058828,3.082941176470598,0.909705882352938
ITA,Italy,1985,2006723.875,21.5481414794922,10160453,2.4190719127655,9.205988,3.43885714285714,5.004857142857151,-1.2762857142857165
ITA,Italy,1986,2064115.75,21.7032260894775,10466298,2.44544529914856,5.823543,-0.9566666666666706,-1.7241666666666546,-1.630833333333337
ITA,Italy,1987,2130001.5,21.760440826416,10787720,2.47210597991943,4.747286,6.339189189189186,-1.997567567567554,-0.3667567567567591
ITA,Italy,1988,2219341.75,22.0065326690674,11140500,2.49905776977539,5.058251,8.302368421052629,4.445000000000007,-3.027105263157898
ITA,Italy,1989,2294541.5,22.1740818023682,11510960,2.52630305290222,6.259832,-2.950512820512822,2.8210256410256527,-2.499487179487182
ITA,Italy,1990,2340106,22.5468826293945,11894321,2.55384540557861,6.456607,-0.9967500000000022,-0.3494999999999884,-1.7670000000000012
ITA,Italy,1991,2376107.25,22.9706020355225,12266690,2.5766487121582,6.217444,2.397560975609757,2.4690243902439164,-0.8939024390243926
ITA,Italy,1992,2395930.5,22.8082695007324,12614226,2.59761786460876,4.977045,2.5204761904761916,5.370238095238108,-0.2226190476190499
ITA,Italy,1993,2375498,22.1998119354248,12856146,2.61875796318054,4.512474,6.201860465116278,13.075348837209315,-1.037441860465119
ITA,Italy,1994,2426595.25,21.9253311157227,13098709,2.64006972312927,4.174988,13.72090909090909,2.5881818181818304,-1.6838636363636397
ITA,Italy,1995,2496647.5,21.8745021820068,13385084,2.66155529022217,5.38616,-0.8440000000000012,0.45066666666667743,-2.1864444444444455
ITA,Italy,1996,2530241.75,21.9094867706299,13675655,2.68321537971497,4.00059,-2.9156521739130437,-6.7691304347826,1.5210869565217369
ITA,Italy,1997,2578967,21.9851760864258,13970152,2.70505213737488,1.910208,-0.14361702127659548,3.7448936170212903,-0.6912765957446823
ITA,Italy,1998,2625501.5,22.218282699585,14281841,2.72706627845764,1.946036,13.579375,2.9268750000000097,-1.5168750000000006
ITA,Italy,1999,2669557,22.4802227020264,14613234,2.74925971031189,1.639536,4.922244897959182,-3.5628571428571334,0.2740816326530595
ITA,Italy,2000,2773192,22.9305591583252,14986403,2.77163362503052,2.615509,5.563799999999999,0.37840000000000984,1.168599999999998
ITA,Italy,2001,2828834,23.3661193847656,15359993,2.79335689544678,2.324276,7.144705882352941,2.0109803921568705,-2.934313725490198
ITA,Italy,2002,2836470.25,23.7908096313477,15749380,2.81525039672852,2.611654,-0.11269230769230988,-5.7176923076923,1.7621153846153828
ITA,Italy,2003,2838358,24.1814804077148,16112080,2.83731555938721,2.812533,27.88943396226415,-0.6298113207547047,-1.4211320754717
ITA,Italy,2004,2880195.75,24.3187160491943,16478216,2.85955357551575,2.257125,3.79296296296296,-3.3081481481481383,0.8151851851851841
ITA,Italy,2005,2902154.75,24.4438152313232,16845774,2.88196587562561,2.207304,2.613999999999999,-2.957999999999988,-0.46963636363636496
ITA,Italy,2006,2954378.5,24.9287929534912,17223592,2.90455389022827,2.229299,9.087321428571428,-4.265178571428564,-3.2612500000000004
ITA,Italy,2007,2997580,25.2422790527344,17600664,2.92731904983521,2.024922,8.947894736842102,9.589649122807028,-2.274035087719299
ITA,Italy,2008,2966910.75,25.296667098999,17925170,2.95026254653931,3.492366,11.153620689655172,3.464310344827595,2.6051724137931007
ITA,Italy,2009,2809511.5,24.8708839416504,18134734,2.97338581085205,0.7652591,10.654576271186436,-0.7144067796610045,1.89101694915254
ITA,Italy,2010,2852472,24.725757598877,18345828,2.99669027328491,1.619544,2.897,-6.412499999999991,5.6594999999999995
ITA,Italy,2011,2872309.75,24.7840538024902,18537780,3.01423954963684,2.93535,6.00950819672131,4.932622950819685,-1.413278688524592
ITA,Italy,2012,2782543.25,24.7213363647461,18640962,3.03189158439636,3.315255,19.862580645161287,3.4430645161290414,1.439516129032258
ITA,Italy,2013,2731956,24.2708969116211,18689928,3.04964733123779,1.244602,4.257301587301585,-2.4115873015872893,1.8666666666666671
ITA,Italy,2014,2731918,24.2727642059326,18728318,3.06750679016113,0.2341529,-3.3292187500000026,-5.82390624999999,2.797499999999999
ITA,Italy,2015,2756113.75,24.4325141906738,18784350,3.08547067642212,0.1084599,15.731999999999996,2.2256923076923165,0.2544615384615394
ITA,Italy,2016,2790185.5,24.789379119873,18867664,3.10353994369507,-0.0500042,3.8036363636363575,-3.838030303030294,0.29060606060606275
ITA,Italy,2017,2834931.5,25.0916213989258,18969476,3.12171483039856,1.325773,17.69686567164179,2.099253731343296,-1.2337313432835817
ITA,Italy,2018,2858366.5,25.3518619537354,19090278,3.13999652862549,1.242594,4.4766176470588235,-11.241617647058812,1.164411764705882
ITA,Italy,2019,2870633.5,25.50856590271,19215658,3.15838503837585,0.6339917,14.06173913043478,1.1813043478260958,3.0675362318840573
ITA,Italy,2020,2616059.5,25.0176239013672,19275626,3.17688131332397,-0.1453841,7.490857142857141,-2.365571428571421,0.5737142857142832
ITA,Italy,2021,2849701.25,25.3115863800049,19507172,3.20566248893738,1.941276,13.865352112676051,0.13774647887324676,-0.13436619718310006
ITA,Italy,2022,2982547.75,25.8017635345459,19798390,3.23505067825317,8.736015,24.49277777777778,3.845833333333342,-1.7525000000000013
ITA,Italy,2023,3003354.75,26.2558193206787,20148316,3.26506185531616,5.903386,15.2972602739726,0.6431506849315127,-0.3684931506849338
JPN,Japan,1960,666101.9375,47.02001953125,1594797.875,2.58314394950867,3.663501,4.426000000000002,-0.5679999999999996,-2.4289999999999985
JPN,Japan,1961,745055.9375,48.1582870483398,1780165,2.60400795936584,5.368456,8.473636363636365,-1.336363636363636,0.44181818181818144
JPN,Japan,1962,809106,49.3443870544434,1975239.875,2.62504005432129,6.835443,3.217500000000001,0.4250000000000007,0.3550000000000004
JPN,Japan,1963,880205.1875,50.1327743530273,2191594.25,2.64624238014221,6.706903,0.07000000000000206,-0.03769230769230702,-0.1923076923076934
JPN,Japan,1964,978661.9375,51.1521949768066,2445867.25,2.66761589050293,3.800387,6.545000000000002,-0.42499999999999893,0.46142857142857
JPN,Japan,1965,1034181.625,52.0738410949707,2701312.25,2.68916201591492,6.656003,-6.371333333333332,-0.8966666666666665,0.9406666666666688
JPN,Japan,1966,1140168.875,53.2485618591309,2993805.25,2.71088218688965,5.040826,-3.643124999999999,-1.440624999999999,5.111875000000001
JPN,Japan,1967,1266544.375,54.6046981811523,3355750.75,2.73277759552002,3.989847,6.101176470588236,0.8641176470588245,-0.8788235294117648
JPN,Japan,1968,1417376.25,55.1676368713379,3800411.75,2.75485014915466,5.339436,-3.4177777777777765,-0.983888888888888,0.16000000000000014
JPN,Japan,1969,1586797.5,56.0072250366211,4324171,2.77710056304932,5.249819,1.5021052631578955,-0.00210526315789572,0.7115789473684231
JPN,Japan,1970,1749957.375,56.3421287536621,4946291.5,2.79953122138977,6.764144,1.817000000000002,0.0179999999999989,0.08600000000000207
JPN,Japan,1971,1832187.75,56.7890892028809,5565740,2.81945013999939,6.37611,0.07047619047619236,-0.7128571428571409,2.0419047619047603
JPN,Japan,1972,1986339.75,57.0174560546875,6228237.5,2.83951044082642,4.855842,-0.9627272727272712,-3.1904545454545463,10.04909090909091
JPN,Japan,1973,2145894.5,58.438720703125,6950573,2.85971403121948,11.60154,4.679130434782611,2.708260869565219,-2.9778260869565187
JPN,Japan,1974,2119602.25,58.4776344299316,7544953,2.88006114959717,23.21158,-3.645833333333333,-0.2545833333333327,2.636249999999997
JPN,Japan,1975,2185131.25,58.3492622375488,8109966.5,2.90055274963379,11.73478,1.1799999999999995,-0.9343999999999985,4.3108
JPN,Japan,1976,2271989.75,58.8584365844727,8684773,2.9211905002594,9.387755,-4.545384615384616,-1.2384615384615358,5.364999999999998
JPN,Japan,1977,2371737.75,59.4792976379395,9251136,2.94197511672974,8.15155,-1.1670370370370389,3.1374074074074105,1.0662962962962972
JPN,Japan,1978,2496774.5,59.867919921875,9869457,2.96290755271912,4.193206,8.164642857142855,-1.4446428571428545,-4.631785714285712
JPN,Japan,1979,2633698.75,60.3315696716309,10512650,2.98398876190186,3.731533,-0.6368965517241403,-0.6148275862068928,3.727931034482758
JPN,Japan,1980,2707905.75,60.7890777587891,11087465,3.00522017478943,7.771639,-8.675666666666668,-0.01433333333332953,5.95366666666667
JPN,Japan,1981,2823279.25,61.2351951599121,11661513,3.02206301689148,4.932786,-0.10580645161290292,-0.4038709677419341,-1.858387096774191
JPN,Japan,1982,2915875.5,61.5547790527344,12206848,3.03900027275085,2.746716,-6.6525,-0.4912499999999973,0.18968750000000156
JPN,Japan,1983,3021727.75,62.1243667602539,12716322,3.05603265762329,1.880811,1.6690909090909116,-0.48636363636363455,0.2039393939394003
JPN,Japan,1984,3155012.5,62.1679039001465,13244571,3.07316040992737,2.250571,5.6700000000000035,3.217941176470589,-6.8520588235294095
JPN,Japan,1985,3317805.25,62.2749061584473,13826276,3.09038424491882,3.101083,5.738000000000003,0.895999999999999,0.8037142857142889
JPN,Japan,1986,3427094.75,62.3766136169434,14438253,3.10770440101624,0.132275,0.25861111111111157,2.021111111111111,-4.2386111111111084
JPN,Japan,1987,3586416,62.385181427002,15114087,3.12512159347534,0.0529661,0.21162162162162268,0.4464864864864868,-2.4540540540540476
JPN,Japan,1988,3825329.5,63.0384483337402,15918733,3.14263677597046,0.7146639,-4.183947368421052,2.5647368421052636,-1.429473684210521
JPN,Japan,1989,4013757.75,63.6374549865723,16801428,3.16024994850159,2.251424,-2.216666666666667,-0.7610256410256415,2.1871794871794883
JPN,Japan,1990,4208061,64.284797668457,17753778,3.17796182632446,2.818712,10.43875,-1.0220000000000002,2.082500000000003
JPN,Japan,1991,4356325.5,65.5926971435547,18690502,3.19438242912293,3.258062,0.8241463414634147,-0.40707317073170657,3.5617073170731715
JPN,Japan,1992,4395558,66.3317489624023,19540490,3.21088767051697,1.73499,0.574523809523809,-0.21738095238095137,-1.1430952380952384
JPN,Japan,1993,4375373,66.5837020874023,20300046,3.22747826576233,1.261204,-8.108837209302326,-0.3123255813953474,5.333488372093022
JPN,Japan,1994,4422775,66.6553344726563,21011250,3.24415493011475,0.6971644,15.705454545454543,2.594772727272728,-6.277727272727272
JPN,Japan,1995,4539138,66.8673934936523,21740976,3.26091766357422,-0.1159121,7.766444444444444,2.90711111111111,-2.4482222222222205
JPN,Japan,1996,4681389,66.9127349853516,22544372,3.27776670455933,0.0172682,2.0076086956521735,-0.41608695652174,-3.375
JPN,Japan,1997,4727324,67.3798828125,23267166,3.29470300674438,1.694487,1.1948936170212754,2.862765957446806,-0.2431914893616991
JPN,Japan,1998,4667271.5,66.5859985351563,23885494,3.31172680854797,0.6714748,3.9099999999999984,2.493124999999998,5.951875000000005
JPN,Japan,1999,4651686,65.6704330444336,24457658,3.32883858680725,-0.3458498,2.030204081632654,0.662244897959182,0.03040816326531015
JPN,Japan,2000,4780288.5,65.2610778808594,25005568,3.34603881835938,-0.5409274,6.209600000000002,-1.9910000000000017,-0.8701999999999934
JPN,Japan,2001,4798745.5,64.7689666748047,25493442,3.36086773872376,-0.8040935,4.5078431372549,0.3980392156862731,-2.4631372549019552
JPN,Japan,2002,4800759,63.7553253173828,25875438,3.37576270103455,-0.8924916,5.851153846153844,-1.169615384615387,-1.7257692307692238
JPN,Japan,2003,4874457,63.5438690185547,26226804,3.39072346687317,-0.2643754,-1.879245283018868,0.27245283018867816,1.696792452830195
JPN,Japan,2004,4981018,63.6831855773926,26562598,3.40575051307678,-0.0165673,6.265555555555556,-1.562592592592594,2.525370370370375
JPN,Japan,2005,5070871,63.9229202270508,26921680,3.42084431648254,-0.5622613,4.1916363636363645,-0.02418181818181963,-7.090545454545449
JPN,Japan,2006,5140460.5,64.2040176391602,27265270,3.43600463867188,0.2323651,2.7367857142857144,0.32624999999999815,0.686071428571438
JPN,Japan,2007,5216743.5,64.4457550048828,27554710,3.45123267173767,0.0745156,4.898771929824562,1.2005263157894728,-4.515964912280694
JPN,Japan,2008,5152876,64.2170867919922,27765272,3.46652793884277,1.38165,3.3343103448275855,-0.6601724137931058,-3.1481034482758545
JPN,Japan,2009,4859510.5,63.2816162109375,27817134,3.48189091682434,-1.36282,-3.502203389830509,-1.0389830508474596,1.1352542372881445
JPN,Japan,2010,5058649,62.9963493347168,27857126,3.49732208251953,-0.6283658,12.346166666666663,-1.7716666666666685,4.706333333333344
JPN,Japan,2011,5059853.5,62.8651466369629,27924010,3.50793290138245,-0.2812692,5.373770491803278,1.8373770491803256,1.739180327868862
JPN,Japan,2012,5129414,62.7342987060547,28024686,3.51857590675354,-0.0352578,6.3170967741935495,-0.9922580645161324,0.26112903225807216
JPN,Japan,2013,5232263.5,63.2569694519043,28176042,3.52925133705139,0.343885,7.626825396825398,-0.22650793650793943,-1.1430158730158624
JPN,Japan,2014,5247762,63.7834243774414,28352516,3.53995895385742,2.768014,-3.032343750000001,0.087031249999999,0.3948437500000104
JPN,Japan,2015,5329660,64.1638793945313,28550418,3.55069923400879,0.786661,1.2043076923076903,1.375692307692308,2.768769230769241
JPN,Japan,2016,5369836.5,64.8264923095703,28752612,3.56147217750549,-0.1187749,5.2360606060606045,-1.4051515151515144,5.036818181818191
JPN,Japan,2017,5459799,65.4842681884766,28970244,3.57227778434753,0.4841587,4.9679104477611915,-1.6441791044776135,-0.8383582089552135
JPN,Japan,2018,5494927.5,66.5834808349609,29188046,3.58311605453491,0.989011,11.70485294117647,1.1400000000000006,2.6839705882353044
JPN,Japan,2019,5472828,67.2273101806641,29401234,3.59398722648621,0.4519963,5.7852173913043465,0.09347826086956346,-1.6149275362318711
JPN,Japan,2020,5245863.5,66.7847595214844,29553106,3.60489130020142,0.0083326,6.5325714285714245,3.032142857142855,3.3981428571428687
JPN,Japan,2021,5380121.5,67.1171569824219,29706136,3.62192320823669,-0.2582903,3.0405633802816876,0.21943661971830863,4.860281690140859
JPN,Japan,2022,5431488,67.6910705566406,29845872,3.63912701606751,2.506056,9.548333333333332,0.7763888888888886,-0.9072222222222096
JPN,Japan,2023,5522683.5,67.9327163696289,29998940,3.6565043926239,3.251569,18.39753424657534,-0.6842465753424651,-1.184794520547932
KOR,Republic of Korea,1960,47547.40625,7.02718734741211,181026.734375,1.58930730819702,7.965566,13.616999999999996,-4.074000000000002,-1.6439999999999984
KOR,Republic of Korea,1961,49691.703125,7.31147336959839,181622.078125,1.6320868730545,8.195653,7.849090909090904,-8.343636363636362,0.6354545454545502
KOR,Republic of Korea,1962,50846.296875,7.5922589302063,182051.1875,1.67601799964905,6.618311,1.8749999999999964,0.2516666666666687,1.5225000000000044
KOR,Republic of Korea,1963,54808.1796875,7.87166786193848,189762.984375,1.71817469596863,20.69165,-7.61923076923077,-1.297692307692305,4.075384615384618
KOR,Republic of Korea,1964,59139.61328125,8.0064001083374,193574.0625,1.75291919708252,29.46283,6.684999999999995,2.4650000000000034,2.174285714285716
KOR,Republic of Korea,1965,62101.00390625,8.40908241271973,197572.375,1.78836631774902,13.5482,-2.740666666666673,-2.949333333333332,-1.410666666666664
KOR,Republic of Korea,1966,69185.953125,8.62733173370361,209710.359375,1.8245302438736,11.26139,-4.909375000000004,0.7449999999999974,-3.462499999999997
KOR,Republic of Korea,1967,73039.8046875,8.91526222229004,222999.515625,1.86142551898956,10.88244,5.72941176470588,-2.068823529411766,-5.578823529411762
KOR,Republic of Korea,1968,80798.703125,9.3493709564209,242367.09375,1.89906668663025,10.77182,-11.838888888888894,0.7561111111111103,-6.8988888888888855
KOR,Republic of Korea,1969,92374.953125,9.60801410675049,261327.828125,1.9374692440033,12.38956,-8.595789473684215,-0.713684210526317,3.0842105263157897
KOR,Republic of Korea,1970,100146.109375,9.81033897399902,278630.4375,1.97664833068848,15.95034,-6.526000000000003,-0.5680000000000014,-2.369999999999999
KOR,Republic of Korea,1971,110813.078125,10.2574777603149,296659.5,2.01497268676758,13.51171,-7.985238095238099,-1.7809523809523853,-0.16714285714285637
KOR,Republic of Korea,1972,118943.2421875,10.7887783050537,314503.53125,2.05404019355774,11.68898,-7.6322727272727295,-11.21,6.340454545454545
KOR,Republic of Korea,1973,136754.625,11.3706092834473,339852.53125,2.09386515617371,3.221026,8.1995652173913,-1.5326086956521756,-3.495217391304344
KOR,Republic of Korea,1974,149949.9375,11.8186292648315,369699.9375,2.13446235656738,24.3042,-11.382083333333338,-2.7287500000000016,5.5404166666666725
KOR,Republic of Korea,1975,161843.25,12.0539216995239,402465.5,2.17584657669067,25.24926,2.123199999999997,-2.559600000000003,0.6788000000000025
KOR,Republic of Korea,1976,183308.828125,12.7839546203613,447059.4375,2.21803307533264,15.32731,-13.23846153846154,-0.791153846153847,-2.8873076923076866
KOR,Republic of Korea,1977,205997.5,13.1383466720581,509268.3125,2.26103758811951,10.09667,-4.33814814814815,6.548148148148147,-3.980370370370368
KOR,Republic of Korea,1978,228800.296875,13.6826877593994,596594.0625,2.30487585067749,14.46028,9.526785714285715,0.04428571428571004,-2.7382142857142853
KOR,Republic of Korea,1979,248790.40625,13.8460216522217,687419.5,2.34956431388855,18.32349,-9.071724137931032,-2.9872413793103476,2.5262068965517273
KOR,Republic of Korea,1980,244998.171875,13.8832302093506,757855.1875,2.39511895179749,28.6976,-17.89933333333333,-0.6076666666666668,5.1320000000000014
KOR,Republic of Korea,1981,263137.40625,14.2054681777954,821445.3125,2.44942378997803,21.35165,-4.8219354838709645,-5.03806451612903,0.03645161290322818
KOR,Republic of Korea,1982,285420.59375,14.5528717041016,894122.125,2.50495982170105,7.190846,-5.29125,1.4393750000000018,-4.464687499999995
KOR,Republic of Korea,1983,323857.625,14.6614952087402,982380.0625,2.56117534637451,3.420608,-4.300909090909091,-2.594242424242424,0.27060606060606673
KOR,Republic of Korea,1984,358305.0625,14.5727386474609,1081918.625,2.6001284122467,2.273957,-0.27441176470588147,3.552058823529414,0.10264705882353198
KOR,Republic of Korea,1985,386750.1875,15.104549407959,1185808.25,2.63967394828796,2.45911,3.49342857142857,-4.539428571428566,5.819714285714287
KOR,Republic of Korea,1986,431238,15.6358699798584,1307673.75,2.6798210144043,2.74998,-11.943611111111114,1.306666666666672,1.3080555555555584
KOR,Republic of Korea,1987,486834.125,16.4838752746582,1456627,2.72057843208313,3.04966,-14.700810810810813,2.1813513513513563,4.582702702702704
KOR,Republic of Korea,1988,545902.6875,17.005199432373,1626340.25,2.76195597648621,7.146101,-3.883947368421056,2.2739473684210587,-6.187894736842106
KOR,Republic of Korea,1989,585016.625,17.6594371795654,1824322.75,2.80396270751953,5.70016,-8.514358974358977,-4.5043589743589685,6.330769230769231
KOR,Republic of Korea,1990,643663.9375,18.1872406005859,2081204.375,2.84660840034485,8.573277,4.5885,-6.481749999999998,2.3424999999999976
KOR,Republic of Korea,1991,713662.25,18.7272968292236,2373699.75,2.87941026687622,9.33279,-10.943414634146343,-2.203658536585362,1.415365853658539
KOR,Republic of Korea,1992,758991.1875,19.0754985809326,2658525,2.91259026527405,6.213282,-5.222857142857144,-2.931190476190473,-3.5983333333333345
KOR,Republic of Korea,1993,812080.4375,19.3090763092041,2961285,2.94615244865418,4.800997,-17.05139534883721,1.3469767441860476,3.7953488372093034
KOR,Republic of Korea,1994,888187.25,19.9261779785156,3311433.5,2.9801013469696,6.26586,21.14613636363636,0.9063636363636398,-7.890909090909089
KOR,Republic of Korea,1995,974660.25,20.4982490539551,3706063.5,3.01444125175476,4.480741,2.0362222222222215,10.71622222222222,-5.395555555555555
KOR,Republic of Korea,1996,1052539.875,20.948751449585,4126841,3.0491771697998,4.924543,6.3019565217391325,2.9032608695652193,-1.848260869565216
KOR,Republic of Korea,1997,1118662.375,21.322509765625,4520410,3.08431339263916,4.438932,11.077872340425532,7.761489361702132,-0.26893617021276484
KOR,Republic of Korea,1998,1063412.5,20.0505714416504,4768835,3.11985421180725,7.51358,-6.642916666666668,2.239791666666669,6.396666666666668
KOR,Republic of Korea,1999,1186951.875,20.4050960540772,5055696,3.15580463409424,0.8129572,-0.7873469387755136,5.774081632653065,7.196122448979594
KOR,Republic of Korea,2000,1296173.625,21.2578907012939,5406002.5,3.1921694278717,2.259166,8.848399999999998,1.2386000000000017,-1.2277999999999984
KOR,Republic of Korea,2001,1357429.75,21.6788730621338,5745667,3.21872901916504,4.066576,10.074901960784311,-1.9656862745098032,-4.943725490196078
KOR,Republic of Korea,2002,1462549.125,22.2760200500488,6112896.5,3.2455096244812,2.762262,-2.7488461538461557,-3.5778846153846122,1.4413461538461547
KOR,Republic of Korea,2003,1507518.625,22.2679061889648,6500600,3.27251291275024,3.514874,-12.036981132075477,-3.940377358490565,7.824150943396226
KOR,Republic of Korea,2004,1585662.875,22.6818008422852,6895688,3.29974102973938,3.590663,9.035925925925929,3.2225925925925907,-0.8107407407407408
KOR,Republic of Korea,2005,1654769.875,22.8313007354736,7286868.5,3.32719564437866,2.753792,7.291636363636364,-1.596,-1.4359999999999964
KOR,Republic of Korea,2006,1741562.625,23.1881008148193,7688607,3.35487866401672,2.24234,4.3414285714285725,3.8825,-1.760357142857142
KOR,Republic of Korea,2007,1843304,23.560998916626,8105177,3.3827919960022,2.534574,1.185263157894738,3.6443859649122814,1.7005263157894746
KOR,Republic of Korea,2008,1898684.25,23.7746028900147,8495607,3.41093754768372,4.673897,5.7748275862068965,5.421551724137931,-6.578793103448273
KOR,Republic of Korea,2009,1914250.875,23.6875019073486,8872521,3.43931722640991,2.756496,-4.813050847457626,-2.260338983050847,-3.0472881355932184
KOR,Republic of Korea,2010,2047897.5,24.032901763916,9281741,3.467933177948,2.939286,10.087166666666668,-1.1226666666666638,-3.1864999999999988
KOR,Republic of Korea,2011,2123424.5,24.5265998840332,9679358,3.49225950241089,4.025965,-0.658196721311473,4.115737704918033,1.6157377049180326
KOR,Republic of Korea,2012,2177522.25,24.9549980163574,10048379,3.51675653457642,2.187071,5.7324193548387115,4.359354838709674,0.9496774193548384
KOR,Republic of Korea,2013,2249193.25,25.2992000579834,10414791,3.54142546653748,1.301347,13.89142857142857,-1.039841269841272,-2.845396825396824
KOR,Republic of Korea,2014,2321497.5,25.8971004486084,10792130,3.56626725196838,1.274774,-3.895625000000001,-1.84359375,-3.1509374999999977
KOR,Republic of Korea,2015,2389292.25,26.2476005554199,11195962,3.59128332138062,0.7063318,0.09430769230769442,-2.4352307692307704,-5.582461538461537
KOR,Republic of Korea,2016,2465069.25,26.4659996032715,11645592,3.62420678138733,0.9716858,13.842878787878783,-0.40833333333333144,-0.1878787878787875
KOR,Republic of Korea,2017,2549699.75,26.7868995666504,12173519,3.65777683258057,1.944332,7.066268656716421,5.657761194029849,-6.88507462686567
KOR,Republic of Korea,2018,2630681.25,26.8222045898438,12649840,3.69200992584229,1.475839,18.232352941176472,7.31455882352941,1.166176470588237
KOR,Republic of Korea,2019,2691549.75,27.1275596618652,13079924,3.72692227363586,0.3830003,1.998115942028985,2.598550724637679,-0.8907246376811564
KOR,Republic of Korea,2020,2672702.75,26.9212226867676,13517808,3.76253128051758,0.537288,-0.5304285714285726,5.4814285714285695,3.392000000000003
KOR,Republic of Korea,2021,2795993.5,27.2961273193359,13986308,3.79885363578796,2.498333,5.5470422535211235,-0.00577464788732484,-1.825774647887318
KOR,Republic of Korea,2022,2872256.25,28.1217231750488,14436004,3.83590793609619,5.089514,7.899999999999999,11.664305555555554,-3.280416666666662
KOR,Republic of Korea,2023,2912586,28.4401531219482,14877307,3.87371253967285,3.597456,11.251780821917809,1.004520547945205,6.284520547945213
SWE,Sweden,1960,139294.140625,3.6982147693634,691773.4375,2.51887845993042,4.204298,-0.018,1.7489999999999988,0.823
SWE,Sweden,1961,147171.96875,3.72797846794128,723173.3125,2.54613208770752,2.157972,-0.01636363636363636,-2.879999999999999,0.36818181818181817
SWE,Sweden,1962,153438.40625,3.74802494049072,754600.625,2.5691967010498,4.766202,-0.015,-0.46999999999999886,-0.3324999999999998
SWE,Sweden,1963,161495.265625,3.76711201667786,786844,2.5878791809082,2.871741,-0.01384615384615384,-0.00384615384615116,0.07307692307692304
SWE,Sweden,1964,172595.84375,3.82123565673828,827966.0625,2.60669755935669,3.387661,-0.01285714285714285,11.736428571428576,1.1578571428571425
SWE,Sweden,1965,179041.328125,3.84736585617065,872368.5,2.62565302848816,5.012769,-0.012,-2.3560000000000016,-0.2093333333333336
SWE,Sweden,1966,182622.15625,3.85275888442993,913043.6875,2.64474630355835,6.404813,0.04874999999999999,-3.998750000000001,0.00374999999999969
SWE,Sweden,1967,189783.8125,3.81171584129334,952686.9375,2.66397833824158,4.289315,-0.01411764705882353,-5.9435294117647075,0.7235294117647058
SWE,Sweden,1968,195155.046875,3.85225486755371,990989.5625,2.68335008621216,1.943124,0.22666666666666663,-1.4533333333333331,0.21333333333333293
SWE,Sweden,1969,205897.515625,3.9246678352356,1033750.875,2.70286273956299,2.691993,0.20473684210526316,2.913157894736841,-0.2478947368421056
SWE,Sweden,1970,218430.421875,4.00137042999268,1086907.25,2.72251749038696,7.017015,0.2045,-3.7525000000000017,0.3344999999999998
SWE,Sweden,1971,220493.8125,3.99376034736633,1136818.5,2.74309730529785,7.39489,-0.03523809523809523,-6.7838095238095235,0.1885714285714284
SWE,Sweden,1972,225540.34375,4.00700950622559,1188536.75,2.76383256912231,6.00739,0.25636363636363635,-0.5254545454545472,0.97
SWE,Sweden,1973,234489.765625,4.02192354202271,1240023.75,2.78472447395325,6.717996,0.17521739130434782,-5.342608695652176,0.15782608695652134
SWE,Sweden,1974,241989.1875,4.1014289855957,1285204.375,2.80577445030212,9.911724,-0.02208333333333333,7.260000000000002,-0.11875000000000036
SWE,Sweden,1975,248166.84375,4.18232679367065,1330857.375,2.82698369026184,9.779878,1.8688,-2.2204000000000015,0.33599999999999963
SWE,Sweden,1976,250792.703125,4.1971321105957,1375742.75,2.84835314750671,10.24922,-0.12307692307692308,0.9949999999999974,-0.25692307692307703
SWE,Sweden,1977,246789.390625,4.20526504516602,1414414.625,2.86988401412964,11.4418,0.05148148148148149,-4.991851851851855,-0.24740740740740752
SWE,Sweden,1978,251112.03125,4.22106170654297,1444392,2.89157772064209,9.995264,-0.11035714285714286,0.0664285714285704,0.05142857142857116
SWE,Sweden,1979,260754.75,4.28250932693481,1478057.375,2.91343545913696,7.209786,-0.06655172413793103,-4.015862068965518,0.33965517241379284
SWE,Sweden,1980,265187.5,4.3304443359375,1514347.375,2.93545842170715,13.70632,-0.11433333333333334,0.31799999999999784,0.10833333333333316
SWE,Sweden,1981,266393.65625,4.33739900588989,1545320.625,2.95486640930176,12.10394,-0.12064516129032256,0.1577419354838696,0.9148387096774192
SWE,Sweden,1982,269720.03125,4.32906484603882,1575815.25,2.97440314292908,8.589185,0.733125,-2.387187500000003,-0.2237500000000003
SWE,Sweden,1983,274846.40625,4.33884572982788,1608611.875,2.99406886100769,8.873021,0.1609090909090909,2.105151515151512,0.17303030303030265
SWE,Sweden,1984,286471.15625,4.37473106384277,1648140.375,3.01386451721191,8.044243,-0.14382352941176468,-2.616764705882357,0.16794117647058782
SWE,Sweden,1985,292659.96875,4.42022943496704,1693946,3.03379082679749,7.372575,-0.1397142857142857,-1.382000000000005,0.7631428571428569
SWE,Sweden,1986,300536.40625,4.44724130630493,1737112.75,3.05384945869446,4.23591,0.02416666666666667,0.3063888888888826,-0.05805555555555597
SWE,Sweden,1987,310615.90625,4.48271179199219,1784427.875,3.07404041290283,4.188571,-0.13648648648648648,5.378108108108105,1.0035135135135131
SWE,Sweden,1988,318564.6875,4.5446572303772,1834030.625,3.0943648815155,5.824899,0.13710526315789476,-3.8134210526315826,0.18710526315789444
SWE,Sweden,1989,327022,4.61065053939819,1893691.25,3.11482357978821,6.443276,0.1235897435897436,-3.7756410256410273,-0.2876923076923077
SWE,Sweden,1990,329489.96875,4.65305471420288,1947027.5,3.13541769981384,10.36655,-0.1395,-3.231250000000003,0.3794999999999995
SWE,Sweden,1991,325714.0625,4.58323097229004,1983339.75,3.14002847671509,9.444628,0.3439024390243902,-0.09243902439024863,-0.25975609756097606
SWE,Sweden,1992,321940.34375,4.37926864624023,2005377.375,3.14464592933655,2.374367,-0.01428571428571429,4.3397619047619,0.5064285714285712
SWE,Sweden,1993,315290.3125,4.15016937255859,2008813.5,3.14927053451538,4.728173,-0.14395348837209304,-2.2311627906976774,1.2146511627906973
SWE,Sweden,1994,327951.28125,4.11096286773682,2018394.375,3.15390181541443,2.158138,1.5193181818181818,3.109545454545451,-0.7829545454545457
SWE,Sweden,1995,341378.46875,4.17671251296997,2034766,3.15853953361511,2.455149,-0.14444444444444446,-0.8895555555555568,0.4544444444444442
SWE,Sweden,1996,347198.375,4.14343643188477,2055086.125,3.16318440437317,0.533132,-0.17130434782608697,6.389782608695651,-0.13543478260869568
SWE,Sweden,1997,357839.53125,4.09065389633179,2074514,3.16783618927002,0.6584103,-0.13765957446808513,-2.2361702127659626,-0.04255319148936176
SWE,Sweden,1998,373032.4375,4.159104347229,2100529.75,3.17249464988709,-0.2671327,-0.1647916666666667,-6.119583333333338,0.7783333333333333
SWE,Sweden,1999,388703.78125,4.24635457992554,2130124.75,3.17716002464294,0.4621758,-0.13142857142857145,-4.104693877551025,0.2624489795918368
SWE,Sweden,2000,406705.09375,4.34921598434448,2162552.5,3.18183207511902,0.8991438,-0.12880000000000005,-0.9726000000000036,1.6072000000000004
SWE,Sweden,2001,412239.40625,4.43845891952515,2193544,3.19793128967285,2.405958,-0.05627450980392159,-4.043529411764709,0.2956862745098039
SWE,Sweden,2002,421628.875,4.44307661056519,2220544.5,3.21411204338074,2.158482,-0.14519230769230773,1.7142307692307668,-0.4099999999999997
SWE,Sweden,2003,429559.46875,4.42325448989868,2245608,3.23037457466126,1.925655,0.01754716981132073,6.89188679245283,-0.11226415094339592
SWE,Sweden,2004,447513.0625,4.40406322479248,2274282.5,3.24671912193298,0.3736598,-0.1427777777777778,-5.425740740740743,0.14981481481481485
SWE,Sweden,2005,460012.90625,4.4035849571228,2304675.75,3.26314687728882,0.4531709,-0.08018181818181822,-1.757090909090909,0.6370909090909094
SWE,Sweden,2006,481523.03125,4.4847412109375,2345192.5,3.2796573638916,1.360215,0.18125,1.254285714285711,0.3857142857142857
SWE,Sweden,2007,497051.75,4.59051084518433,2393282.5,3.29625153541565,2.212169,-0.02192982456140355,-1.9077192982456168,-0.22105263157894697
SWE,Sweden,2008,492463.34375,4.61337661743164,2437540,3.31292939186096,3.437049,0.00844827586206892,-0.27482758620690007,-0.01724137931034475
SWE,Sweden,2009,471506.21875,4.51983547210693,2460205.25,3.32969212532043,-0.4944606,-0.11169491525423732,-2.9701694915254286,0.783050847457627
SWE,Sweden,2010,498621.28125,4.54955577850342,2490140.25,3.34653925895691,1.157988,0.3401666666666666,1.1493333333333275,0.79
SWE,Sweden,2011,514397.1875,4.65381479263306,2524929.25,3.35636186599731,2.961151,-0.06540983606557382,-1.7895081967213144,1.5170491803278692
SWE,Sweden,2012,512265.21875,4.69070148468018,2555987.5,3.36621308326721,0.8883775,-0.15435483870967745,-2.510645161290327,0.40258064516129055
SWE,Sweden,2013,518093.34375,4.73823595046997,2585211.25,3.37609314918518,-0.044293,-0.15190476190476193,4.339206349206346,-0.06380952380952354
SWE,Sweden,2014,529987.5625,4.80643653869629,2621339.25,3.38600254058838,-0.1796385,0.39046875,-2.3285937499999996,-0.2528124999999999
SWE,Sweden,2015,553360.75,4.87929916381836,2666097.75,3.39594054222107,-0.0467847,-0.08553846153846159,0.6072307692307675,0.8510769230769228
SWE,Sweden,2016,566363.3125,4.98052072525024,2715474.75,3.40590810775757,0.9842693,-0.1542424242424243,-0.44196969696969646,-0.531818181818182
SWE,Sweden,2017,576700.25,5.10150384902954,2769029,3.41590476036072,1.794499,-0.15194029850746274,-2.815373134328361,0.2661194029850744
SWE,Sweden,2018,587674.6875,5.18774890899658,2821568,3.4259309768676798,1.953535,1.700294117647059,3.4360294117647037,-0.8577941176470592
SWE,Sweden,2019,602658.3125,5.21844816207886,2870844.75,3.43598628044128,1.784151,0.6256521739130435,1.2862318840579725,-0.01536231884057981
SWE,Sweden,2020,590573,5.15436029434204,2920411.5,3.44607138633728,0.4973673,0.19671428571428567,-4.5821428571428555,0.3848571428571432
SWE,Sweden,2021,625638.3125,5.2196192741394,2981869.75,3.46478605270386,2.163197,0.20394366197183095,-0.6776056338028162,1.40943661971831
SWE,Sweden,2022,634768.1875,5.38126707077026,3042710.5,3.48372411727905,8.369291,0.501111111111111,2.801805555555557,0.34986111111111073
SWE,Sweden,2023,632796.125,5.44012498855591,3097544,3.50288844108582,8.548625,-0.19575342465753431,1.1734246575342482,1.1750684931506847
USA,United States,1960,3856027.5,70.6460189819336,14692825,2.72125053405762,1.457976,0.6980000000000004,-3.7800000000000047,0.0129999999999999
USA,United States,1961,3954515.25,70.6938095092773,15163884,2.75555515289307,1.070362,-3.115454545454547,-3.5263636363636373,0.6318181818181818
USA,United States,1962,4196393,71.7677536010742,15694052,2.79029202461243,1.176077,-0.6658333333333317,-2.1125000000000043,-0.7708333333333339
USA,United States,1963,4379103,72.7672500610352,16269798,2.8254668712616,1.25606,1.3753846153846112,-0.09000000000000696,-1.1315384615384625
USA,United States,1964,4631648.5,74.4171905517578,16905626,2.8610851764679,1.322089,-0.24285714285714025,-0.9435714285714312,0.31928571428571395
USA,United States,1965,4932693.5,76.191047668457,17608950,2.89715242385864,1.578693,-8.416666666666671,-3.760666666666669,-0.4119999999999999
USA,United States,1966,5257925.5,78.5942001342773,18365290,2.92837071418762,2.989375,-2.9806249999999963,-0.10562500000000696,-0.7962500000000006
USA,United States,1967,5402184.5,80.5108032226563,19077508,2.95992541313171,2.78455,-8.205294117647057,-1.4794117647058904,-0.20941176470588285
USA,United States,1968,5667382,82.1303176879883,19811168,2.99181985855103,4.244694,-5.4894444444444375,-3.777222222222232,-0.28777777777777835
USA,United States,1969,5845379,84.0793533325195,20540238,3.02405834197998,5.437126,-1.7505263157894717,0.23157894736840845,0.1873684210526303
USA,United States,1970,5857162.5,84.4425811767578,21169224,3.05664396286011,5.883689,3.8370000000000033,0.5299999999999869,-0.2220000000000004
USA,United States,1971,6050023,84.6576461791992,21907770,3.08988523483276,4.226561,-1.7257142857142824,-1.3952380952381027,-0.4314285714285715
USA,United States,1972,6367982,87.0524063110352,22737082,3.12348771095276,3.272952,-3.2072727272727235,1.288181818181812,-0.01181818181818084
USA,United States,1973,6727497.5,89.9233474731445,23648198,3.1574559211731,6.25872,-1.8978260869565131,-2.297826086956526,1.9986956521739143
USA,United States,1974,6691132,91.6357727050781,24424420,3.19179344177246,11.01107,-2.758749999999992,1.7979166666666622,0.21541666666666703
USA,United States,1975,6677374,90.5058212280273,25017550,3.2265043258667,9.141602,-3.308399999999992,-4.584000000000003,0.30680000000000085
USA,United States,1976,7037154,93.3249664306641,25717052,3.24999570846558,5.774888,-7.251153846153841,-3.1776923076923147,-0.6549999999999985
USA,United States,1977,7362564.5,96.5252380371094,26565692,3.27365803718567,6.469555,2.6174074074074127,-4.090000000000003,0.41925925925926055
USA,United States,1978,7770098,100.492530822754,27571754,3.29749250411987,7.629915,1.8439285714285776,-1.0939285714285774,0.5242857142857149
USA,United States,1979,8016097.5,103.14087677002,28627578,3.32150077819824,11.25303,-4.869655172413786,0.5737931034482706,1.346206896551724
USA,United States,1980,7995514.5,103.470497131348,29506590,3.34568381309509,13.50172,6.992666666666672,-0.9953333333333384,0.5313333333333343
USA,United States,1981,8198417,104.698364257813,30360724,3.35476899147034,10.37831,-1.742903225806444,-2.2332258064516175,0.7141935483870974
USA,United States,1982,8050598,103.979858398438,31041684,3.36387896537781,6.158358,-5.978437499999991,-7.493437500000006,1.4718750000000007
USA,United States,1983,8419620,105.435424804688,31824032,3.37301373481751,3.15953,2.442727272727282,-5.47636363636364,2.117272727272727
USA,United States,1984,9028902,109.861747741699,32878966,3.38217329978943,4.368201,-1.0091176470588152,-3.955294117647064,0.9150000000000018
USA,United States,1985,9405369,112.190933227539,34021900,3.39135766029358,3.527903,-2.080285714285708,-5.332285714285717,0.8588571428571425
USA,United States,1986,9731045,114.729598999023,35158052,3.40006065368652,1.943928,-0.4224999999999923,-0.44416666666667126,1.1850000000000005
USA,United States,1987,10067217,117.664184570313,36259956,3.4087860584259,3.578212,2.268918918918928,-0.8921621621621654,0.3629729729729734
USA,United States,1988,10487722,120.204109191895,37347072,3.41753363609314,4.100044,10.689210526315804,-1.5986842105263186,-0.5065789473684204
USA,United States,1989,10872856,122.550140380859,38436032,3.42630386352539,4.791094,0.18512820512821548,-1.5976923076923129,0.3064102564102562
USA,United States,1990,11077914,123.909660339355,39439352,3.43509650230408,5.419216,3.360500000000016,-5.747750000000007,1.46875
USA,United States,1991,11065916,122.739585876465,40251216,3.4523024559021,4.21583,2.758536585365867,-1.737560975609764,0.8429268292682934
USA,United States,1992,11455713,123.287582397461,41116496,3.46959495544434,3.041616,-8.927142857142847,-4.886190476190485,0.5428571428571436
USA,United States,1993,11770951,124.845741271973,42057968,3.48697352409363,2.96965,-3.7795348837209137,-2.362558139534894,1.3702325581395352
USA,United States,1994,12245205,127.499229431152,43102436,3.50443959236145,2.595605,1.3563636363636462,-1.628863636363647,0.6590909090909092
USA,United States,1995,12573918,129.18815612793,44213800,3.5219931602478,2.80542,0.5362222222222286,0.5673333333333233,0.9844444444444438
USA,United States,1996,13048304,130.841674804688,45461520,3.53323888778687,2.936673,-2.215434782608696,-0.2950000000000088,1.2630434782608688
USA,United States,1997,13628579,133.488845825195,46823444,3.54452061653137,2.337566,-5.798297872340427,-4.4687234042553285,0.4261702127659568
USA,United States,1998,14239566,135.237609863281,48363724,3.5558385848999,1.547007,5.142499999999998,0.19437499999999375,1.2572916666666665
USA,United States,1999,14921416,137.152206420898,50045728,3.56719255447388,2.193139,-0.9624489795918336,5.4204081632652965,-0.1783673469387752
USA,United States,2000,15529851,138.807235717773,51804608,3.5785825252533,3.366683,5.316800000000008,2.651999999999987,-0.5348000000000006
USA,United States,2001,15678245,138.769241333008,53377052,3.58833718299866,2.816629,2.282549019607849,0.8799999999999883,-0.27431372549019617
USA,United States,2002,15944844,138.339965820313,54757692,3.59811854362488,1.59567,8.118653846153855,3.213076923076912,0.2509615384615387
USA,United States,2003,16390599,139.01806640625,56217084,3.6079261302948,2.297998,1.4554716981132143,0.18245283018866945,-0.16377358490565985
USA,United States,2004,17021272,140.763900756836,57823104,3.61776089668274,2.667572,-6.221481481481469,-1.190925925925935,0.7692592592592593
USA,United States,2005,17614216,143.133728027344,59564856,3.62762236595154,3.36583,8.321636363636372,2.0407272727272634,-0.03472727272727294
USA,United States,2006,18104692,145.8642578125,61276848,3.64232897758484,3.22209,9.073035714285716,1.0442857142857065,0.33589285714285744
USA,United States,2007,18467484,147.297500610352,62818256,3.65709471702576,2.87055,9.373859649122814,3.155964912280691,-0.4500000000000002
USA,United States,2008,18488460,147.243347167969,64052376,3.67192077636719,3.814953,0.9322413793103408,-0.4184482758620795,0.46775862068965424
USA,United States,2009,18012106,142.301330566406,64686820,3.68680667877197,-0.3203576,-2.4535593220338967,-1.3713559322034,0.6398305084745761
USA,United States,2010,18497566,141.964340209961,65349080,3.70175337791443,1.636569,9.327333333333328,1.901499999999988,0.01916666666666611
USA,United States,2011,18786944,143.617950439453,66106652,3.70701098442078,3.139652,12.234426229508196,2.2903278688524473,0.20885245901639315
USA,United States,2012,19216998,146.331634521484,67036032,3.71227598190308,2.073191,15.187096774193549,5.323387096774184,-0.9645161290322584
USA,United States,2013,19623982,148.027877807617,68023432,3.71754860877991,1.465972,3.256031746031752,-1.4511111111111212,0.46079365079364987
USA,United States,2014,20119256,150.637252807617,69139896,3.72282862663269,1.615463,0.2851562500000071,-2.078437500000014,0.1335937499999993
USA,United States,2015,20711878,153.071655273438,70325160,3.72811627388001,0.1211372,4.2107692307692375,-3.2064615384615465,1.2715384615384604
USA,United States,2016,21088720,155.681167602539,71524240,3.73341131210327,1.267361,9.396969696969698,2.132121212121202,0.3522727272727266
USA,United States,2017,21607002,158.468490600586,72799488,3.73871397972107,2.131445,6.766716417910452,3.610298507462673,1.0470149253731336
USA,United States,2018,22247976,161.065612792969,74181696,3.74402379989624,2.438999,12.067205882352953,0.8072058823529282,2.0216176470588234
USA,United States,2019,22822856,163.923538208008,75565584,3.74934148788452,1.813259,7.362318840579718,-1.9144927536232004,2.0023188405797097
USA,United States,2020,22329176,154.939697265625,76785096,3.75466680526733,1.249189,12.237142857142857,4.932857142857127,0.31371428571428517
USA,United States,2021,23681202,160.861312866211,78158760,3.72817277908325,4.682189,10.34478873239437,1.363380281690123,0.4692957746478861
USA,United States,2022,24276130,165.578491210938,79490152,3.81364345550537,7.99169,13.74111111111111,2.214444444444432,0.2527777777777773
USA,United States,2023,24977152,167.539749145508,80822920,3.82982563972473,4.12827,6.392876712328771,-1.0458904109589149,-0.08068493150685008
