Code,Name,Year,GDP,emp,cn,USDfx,hd30,cdd,r20mm,media_hd30,classe_clima
ESP,Spain,1952,197923.484375,11.7046089172363,401238,0.2383013,-5.233333333333331,-0.3599999999999852,-0.26000000000000023,37.2664,Mite
ESP,Spain,1953,191013.515625,11.7787504196167,416469.15625,0.2383013,5.930000000000007,19.897500000000036,-0.5025,37.2664,Mite
ESP,Spain,1954,217391.09375,11.8659267425537,438947.40625,0.2340942,-0.4159999999999968,22.198000000000036,-0.5700000000000007,37.2664,Mite
ESP,Spain,1955,230505.6875,12.0185203552246,463112,0.2340942,-2.5216666666666683,-7.601666666666631,0.4833333333333325,37.2664,Mite
ESP,Spain,1956,248329.109375,12.2020425796509,493200,0.2340942,-9.901428571428568,6.7785714285714675,0.2857142857142856,37.2664,Mite
ESP,Spain,1957,259268.046875,12.3832120895386,520171.6875,0.248228,-4.98875,-9.18874999999997,-0.16125000000000034,37.2664,Mite
ESP,Spain,1958,270580.90625,12.6167993545532,551829.75,0.25242,-7.625555555555554,-0.8255555555554963,1.074444444444444,37.2664,Mite
ESP,Spain,1959,263226.59375,12.4666223526001,571120.3125,0.306514,-8.212999999999997,-32.323999999999955,1.1559999999999997,37.2664,Mite
ESP,Spain,1960,293869.1875,12.3279142379761,595812.6875,0.360607,-4.357272727272722,-20.21272727272725,2.7690909090909095,37.2664,Mite
ESP,Spain,1961,331634.75,12.534966468811,631995.125,0.360607,0.05750000000000099,12.216666666666695,0.6683333333333339,37.2664,Mite
ESP,Spain,1962,367128.21875,12.6138048171997,680663.1875,0.359901,8.637692307692312,3.495384615384637,0.37692307692307647,37.2664,Mite
ESP,Spain,1963,403985.75,12.6978893280029,734074.125,0.359838,-6.502142857142854,-2.5671428571428123,1.6871428571428568,37.2664,Mite
ESP,Spain,1964,425763.84375,12.7648706436157,791818.375,0.359779,7.455333333333339,8.981333333333367,-0.833333333333333,37.2664,Mite
ESP,Spain,1965,456325.46875,12.8620481491089,858566.875,0.359948,0.2581250000000068,2.1106250000000557,0.7468750000000002,37.2664,Mite
ESP,Spain,1966,491903.5625,12.984715461731,933628.3125,0.360135,-0.7547058823529333,2.7300000000000466,1.9923529411764704,37.2664,Mite
ESP,Spain,1967,511838.75,13.0715503692627,1004190.75,0.366462,2.5455555555555627,-9.331111111111085,-0.05444444444444407,37.2664,Mite
ESP,Spain,1968,543811.8125,13.1647262573242,1082655.75,0.418772,1.3694736842105328,-2.7863157894736332,-0.3073684210526313,37.2664,Mite
ESP,Spain,1969,595383.25,13.2878074645996,1176693.875,0.419773,-2.213999999999995,-21.086499999999972,1.798,37.2664,Mite
ESP,Spain,1970,618568.875,13.4227409362793,1260217.875,0.418664,5.6057142857142885,6.031904761904798,-0.05904761904761901,37.2664,Mite
ESP,Spain,1971,647329.0625,13.5325794219971,1341134.625,0.415522,-7.697727272727267,-35.50727272727269,0.4018181818181823,37.2664,Mite
ESP,Spain,1972,700084.75,13.7021141052246,1435910.5,0.386111,-12.097826086956516,-43.34695652173909,2.259130434782609,37.2664,Mite
ESP,Spain,1973,754610.625,14.0634202957153,1557782,0.350288,2.2062500000000007,-1.0608333333333348,-0.4991666666666657,37.2664,Mite
ESP,Spain,1974,797010.5625,14.1709413528442,1676560.25,0.346739,0.08280000000000243,1.0456000000000074,-0.32559999999999967,37.2664,Mite
ESP,Spain,1975,801332,13.941164970398,1796195.625,0.345002,-1.4011538461538429,-9.475384615384598,-0.418846153846153,37.2664,Mite
ESP,Spain,1976,827806.25,13.7717628479004,1942484.125,0.401987,-4.700370370370372,-9.634814814814774,-0.7596296296296288,37.2664,Mite
ESP,Spain,1977,851304.1875,13.6348495483398,2161350.5,0.456683,-12.401071428571424,-25.44249999999998,0.13535714285714295,37.2664,Mite
ESP,Spain,1978,863758.8125,13.2448387145996,2436993.25,0.460451,3.1465517241379324,19.35620689655173,-1.0086206896551726,37.2664,Mite
ESP,Spain,1979,864117.625,12.955885887146,2728060.25,0.403474,-0.39000000000000057,-10.781999999999982,1.4416666666666664,37.2664,Mite
ESP,Spain,1980,883203.625,12.6695184707642,2904427.25,0.430916,7.799999999999997,-8.789032258064509,-0.8112903225806449,37.2664,Mite
ESP,Spain,1981,882033.75,12.3697538375855,2886832.5,0.555255,7.517499999999998,15.433125000000018,-0.6115624999999998,37.2664,Mite
ESP,Spain,1982,893028,12.2641429901123,2748320,0.661682,4.370909090909091,1.8842424242424445,-0.04030303030303095,37.2664,Mite
ESP,Spain,1983,908835.5,12.2230005264282,2565062,0.863794,5.649705882352944,21.813235294117646,-0.5147058823529402,37.2664,Mite
ESP,Spain,1984,925055.4375,11.9513025283813,2442127,0.966864,2.622571428571426,4.044285714285735,-0.09200000000000053,37.2664,Mite
ESP,Spain,1985,946529.9375,11.826114654541,2425212,1.021478,13.419166666666666,8.491666666666674,-0.6533333333333324,37.2664,Mite
ESP,Spain,1986,977323.6875,12.0880928039551,2527066,0.841331,7.179729729729729,-10.428648648648648,-1.0248648648648642,37.2664,Mite
ESP,Spain,1987,1031536.9375,12.6487503051758,2673021.25,0.741476,7.818421052631578,-10.095789473684192,0.6768421052631588,37.2664,Mite
ESP,Spain,1988,1084086.875,13.0674314498901,2869114.75,0.700631,4.422051282051282,14.288205128205137,-0.7241025641025631,37.2664,Mite
ESP,Spain,1989,1136416,13.5120267868042,3116468.75,0.712169,9.410749999999997,-7.986999999999995,1.1757500000000007,37.2664,Mite
ESP,Spain,1990,1179388.5,13.9969367980957,3393157.75,0.612496,9.532439024390245,0.83219512195123,-1.935853658536585,37.2664,Mite
ESP,Spain,1991,1209415.625,14.1776113510132,3693913.75,0.625334,15.367619047619051,7.128333333333359,-0.8257142857142856,37.2664,Mite
ESP,Spain,1992,1220653.875,13.9842557907105,4001988,0.615135,2.6153488372093037,15.020697674418614,0.3558139534883722,37.2664,Mite
ESP,Spain,1993,1208062.75,13.5949850082397,4287405.5,0.766865,0.5036363636363639,11.542272727272746,-1.108409090909091,37.2664,Mite
ESP,Spain,1994,1236853.25,13.5356588363647,4552563.5,0.804339,16.498666666666665,26.29466666666667,-0.8784444444444448,37.2664,Mite
ESP,Spain,1995,1270959.5,13.8005857467651,4791202.5,0.749498,2.512826086956519,8.623043478260882,-0.44847826086956566,37.2664,Mite
ESP,Spain,1996,1304098.5,14.0062837600708,4974921,0.76104,0.775957446808512,-22.742553191489336,2.3797872340425528,37.2664,Mite
ESP,Spain,1997,1350880.5,14.536865234375,4964001,0.880253,-4.694166666666668,-10.763541666666669,1.9777083333333332,37.2664,Mite
ESP,Spain,1998,1408995.125,15.1839599609375,4996796,0.897408,11.19265306122449,26.28877551020409,-1.804693877551021,37.2664,Mite
ESP,Spain,1999,1471115.75,15.8899917602539,5036082.5,0.939577,9.488999999999995,-3.783999999999992,-0.49460000000000015,37.2664,Mite
ESP,Spain,2000,1547623.25,16.7095985412598,5062581,1.085898,12.234313725490196,8.21176470588236,-0.4064705882352948,37.2664,Mite
ESP,Spain,2001,1608276,17.2715892791748,4899883,1.117515,13.332884615384614,6.945576923076942,0.6115384615384603,37.2664,Mite
ESP,Spain,2002,1652591.375,17.6519527435303,5042006.5,1.060945,4.18245283018868,2.919433962264179,-0.35169811320754807,37.2664,Mite
ESP,Spain,2003,1701165.75,18.2189865112305,5356534.5,0.885756,22.605925925925924,-6.831666666666649,1.077962962962962,37.2664,Mite
ESP,Spain,2004,1754149,18.9272861480713,5923882,0.804856,12.00363636363636,20.78345454545456,-0.9347272727272736,37.2664,Mite
ESP,Spain,2005,1816442.875,19.6944122314453,6430453,0.805111,17.348214285714285,21.551607142857165,-2.1555357142857146,37.2664,Mite
ESP,Spain,2006,1889889.5,20.5240821838379,8084798,0.797168,18.17368421052632,-11.905789473684225,0.6036842105263149,37.2664,Mite
ESP,Spain,2007,1956668.75,21.1619625091553,9786449,0.730754,1.3893103448275923,9.86120689655175,-0.821896551724139,37.2664,Mite
ESP,Spain,2008,1971679.625,21.1621417999268,10438100,0.683499,4.63932203389831,-6.044576271186429,0.03745762711864398,37.2664,Mite
ESP,Spain,2009,1897384.25,19.8330078125,10865542,0.718958,18.594166666666673,13.9195,0.08599999999999941,37.2664,Mite
ESP,Spain,2010,1899170,19.4772911071777,11383080,0.755868,10.29262295081967,-20.793934426229495,1.6485245901639338,37.2664,Mite
ESP,Spain,2011,1887016.875,18.9978351593018,11563922,0.719207,13.914516129032258,20.303225806451593,-1.0246774193548398,37.2664,Mite
ESP,Spain,2012,1832951.75,18.1855907440186,11686758,0.778848,20.92698412698413,14.706031746031757,-0.2506349206349219,37.2664,Mite
ESP,Spain,2013,1806789.5,17.7899723052979,11928171,0.753234,11.337031249999995,3.1460937499999773,1.0132812499999997,37.2664,Mite
ESP,Spain,2014,1834261.5,17.9778270721436,11782955,0.753941,5.471538461538458,-1.2247692307692546,0.3379999999999992,37.2664,Mite
ESP,Spain,2015,1908748.5,18.5016555786133,11902534,0.901896,19.66893939393939,15.418030303030292,-0.8981818181818197,37.2664,Mite
ESP,Spain,2016,1964391.375,18.8996028900147,12361840,0.90389,21.266716417910445,-12.18731343283585,0.7011940298507451,37.2664,Mite
ESP,Spain,2017,2021281,19.4177379608154,12436180,0.887039,24.432058823529403,28.300294117647013,-0.8560294117647067,37.2664,Mite
ESP,Spain,2018,2069698.875,19.8492450714111,12419885,0.847582,13.119130434782612,-20.74463768115945,1.216086956521739,37.2664,Mite
ESP,Spain,2019,2110289.5,20.3613681793213,12985419,0.893409,15.543857142857142,12.543571428571395,0.4397142857142846,37.2664,Mite
ESP,Spain,2020,1879422.25,19.4599609375,12958272,0.876828,15.679859154929574,-3.5161971830986545,-0.2270422535211276,37.2664,Mite
ESP,Spain,2021,2005026.75,19.9853763580322,13126397,0.845982,8.70722222222222,0.4179166666666276,0.31847222222222094,37.2664,Mite
ESP,Spain,2022,2128923.75,20.5351524353027,13357267,0.951774,30.049863013698623,-0.5543835616438741,-0.2875342465753432,37.2664,Mite
ESP,Spain,2023,2185886.5,20.927074432373,13514154,0.925053,20.499054054054056,28.22891891891888,-0.05675675675675773,37.2664,Mite
ITA,Italy,1952,449655.15625,19.8385143280029,1068648.25,0.3227443,3.023333333333337,-0.666666666666643,-1.75,17.7872,Mite
ITA,Italy,1953,477373.78125,20.0496120452881,1114638.5,0.3227029,-8.487499999999997,8.335000000000036,0.15000000000000036,17.7872,Mite
ITA,Italy,1954,496921.3125,20.3226585388184,1167833.875,0.3227339,-9.765999999999996,-9.259999999999977,0.30400000000000027,17.7872,Mite
ITA,Italy,1955,523501.9375,20.3143501281738,1235041.125,0.325165,-9.263333333333332,-15.499999999999972,-0.5883333333333329,17.7872,Mite
ITA,Italy,1956,545057,20.3831329345703,1304881.25,0.324654,0.0228571428571449,12.27428571428574,-0.12714285714285722,17.7872,Mite
ITA,Italy,1957,565770.0625,20.4726867675781,1376438.5,0.324,-2.5174999999999983,-2.4812499999999744,1.2887500000000005,17.7872,Mite
ITA,Italy,1958,592311.1875,20.5441455841064,1452569.875,0.322337,-1.7666666666666675,-8.214444444444425,1.4211111111111112,17.7872,Mite
ITA,Italy,1959,630935.4375,20.5735340118408,1539107.125,0.320583,-5.099999999999998,-10.443999999999974,1.3870000000000022,17.7872,Mite
ITA,Italy,1960,682835.9375,20.6565742492676,1642009.25,0.320541,-3.209090909090907,-19.339999999999975,3.797272727272727,17.7872,Mite
ITA,Italy,1961,739581.25,20.7880172729492,1758831.875,0.320645,2.998333333333333,13.20916666666669,-0.9283333333333328,17.7872,Mite
ITA,Italy,1962,784977.625,20.7273464202881,1886931.875,0.320551,12.23846153846154,-4.320769230769216,-0.8846153846153832,17.7872,Mite
ITA,Italy,1963,828482.3125,20.3835792541504,2019788.25,0.320975,-3.6414285714285697,-16.909999999999982,1.6485714285714297,17.7872,Mite
ITA,Italy,1964,851180.4375,20.3127975463867,2131895,0.32243,-6.086666666666668,-3.0893333333333146,0.42799999999999905,17.7872,Mite
ITA,Italy,1965,879553.1875,19.817361831665,2223365,0.322642,-2.8375000000000004,-4.780624999999972,0.4293749999999985,17.7872,Mite
ITA,Italy,1966,932515.5625,19.4938144683838,2322627,0.32245,-6.482352941176472,-20.979411764705873,2.879411764705882,17.7872,Mite
ITA,Italy,1967,998718.5,19.7364826202393,2444318,0.322254,-1.6927777777777813,0.05722222222225071,-0.6333333333333346,17.7872,Mite
ITA,Italy,1968,1064921.5,19.7263717651367,2573245.5,0.321872,-8.093157894736843,-18.978421052631575,0.8778947368421033,17.7872,Mite
ITA,Italy,1969,1129232.75,19.5848121643066,2727865.5,0.323908,-7.0045,-12.092,-0.02100000000000079,17.7872,Mite
ITA,Italy,1970,1271096.25,19.6758079528809,2969152,0.323785,-0.490000000000002,-4.201904761904771,-0.839047619047621,17.7872,Mite
ITA,Italy,1971,1294206.125,19.6728343963623,3173312.75,0.319345,1.8899999999999988,1.2390909090908906,-0.43818181818181934,17.7872,Mite
ITA,Italy,1972,1341968.625,19.6226406097412,3350468.5,0.301456,-7.862608695652176,-26.286086956521743,3.426086956521738,17.7872,Mite
ITA,Italy,1973,1437595.5,19.8837413787842,3543404.75,0.30079,-2.321666666666669,6.117916666666673,-0.30083333333333506,17.7872,Mite
ITA,Italy,1974,1516665.25,20.1719627380371,3750992.75,0.336194,-1.7488000000000046,-3.227599999999981,-0.5480000000000018,17.7872,Mite
ITA,Italy,1975,1484964.5,20.1881008148193,3941122.25,0.337566,-5.585384615384619,0.7138461538461769,1.2423076923076906,17.7872,Mite
ITA,Italy,1976,1590774,20.4029140472412,4162037,0.430024,-8.556296296296301,-15.827407407407392,2.86222222222222,17.7872,Mite
ITA,Italy,1977,1631505.625,20.4788055419922,4427910.5,0.455674,-8.11571428571429,4.322500000000019,1.2557142857142818,17.7872,Mite
ITA,Italy,1978,1684368.625,20.5631484985352,4700425,0.438233,-7.526896551724142,-0.8472413793103328,1.009655172413792,17.7872,Mite
ITA,Italy,1979,1784743,20.816478729248,4986656,0.429155,-4.627333333333336,-14.883999999999986,3.373333333333333,17.7872,Mite
ITA,Italy,1980,1845960,21.1912574768066,5219407.5,0.441732,-4.797419354838714,-10.484516129032258,-0.32580645161290533,17.7872,Mite
ITA,Italy,1981,1861544,21.2429008483887,5322758,0.587661,-3.9112500000000026,-2.0774999999999864,0.13968749999999908,17.7872,Mite
ITA,Italy,1982,1869243.25,21.3010883331299,5311164.5,0.699593,3.6448484848484792,2.2521212121212244,-0.6209090909090929,17.7872,Mite
ITA,Italy,1983,1891098.375,21.3517684936523,5248396.5,0.785508,1.674117647058818,9.640000000000017,-1.5732352941176495,17.7872,Mite
ITA,Italy,1984,1952102.375,21.3420295715332,5242477,0.907192,-4.853142857142861,-6.9262857142857115,0.890571428571425,17.7872,Mite
ITA,Italy,1985,2006723.875,21.5481414794922,5331775,0.984855,3.3413888888888845,8.286944444444458,-1.2341666666666704,17.7872,Mite
ITA,Italy,1986,2064115.75,21.7032260894775,5533473,0.769564,-0.9327027027027076,-1.2289189189189074,-1.5900000000000016,17.7872,Mite
ITA,Italy,1987,2130001.5,21.760440826416,5828317.5,0.669591,6.170526315789472,9.397105263157911,-0.3797368421052667,17.7872,Mite
ITA,Italy,1988,2219341.75,22.0065326690674,6226703,0.672847,8.097435897435895,8.045384615384648,-2.9520512820512845,17.7872,Mite
ITA,Italy,1989,2294541.5,22.1740818023682,6717462.5,0.708698,-2.888500000000004,20.74350000000001,-2.429750000000003,17.7872,Mite
ITA,Italy,1990,2340106,22.5468826293945,7275169,0.618647,-0.9741463414634168,6.949756097560979,-1.7363414634146377,17.7872,Mite
ITA,Italy,1991,2376107.25,22.9706020355225,7881985,0.64129100000000006,2.3290476190476177,4.011904761904773,-0.8847619047619073,17.7872,Mite
ITA,Italy,1992,2395930.5,22.8082695007324,8518795,0.636518,2.460465116279069,20.95302325581399,-0.22930232558139707,17.7872,Mite
ITA,Italy,1993,2375498,22.1998119354248,9074912,0.812941,6.049772727272726,31.774090909090916,-1.0352272727272762,17.7872,Mite
ITA,Italy,1994,2426595.25,21.9253311157227,9553751,0.832438,13.414888888888887,14.42622222222225,-1.6575555555555574,17.7872,Mite
ITA,Italy,1995,2496647.5,21.8745021820068,9923490,0.840975,-0.8267391304347846,0.9843478260870028,-2.1302173913043507,17.7872,Mite
ITA,Italy,1996,2530241.75,21.9094867706299,10105364,0.796762,-2.8644680851063846,-15.195319148936136,1.4874468085106365,17.7872,Mite
ITA,Italy,1997,2578967,21.9851760864258,9940056,0.879633,-0.14145833333333435,9.864791666666704,-0.6781250000000014,17.7872,Mite
ITA,Italy,1998,2625501.5,22.218282699585,9850290,0.896504,13.29163265306122,11.867551020408214,-1.4773469387755114,17.7872,Mite
ITA,Italy,1999,2669557,22.4802227020264,9599576,0.939577,4.823199999999995,-3.050199999999961,0.267199999999999,17.7872,Mite
ITA,Italy,2000,2773192,22.9305591583252,9567754,1.085898,5.454117647058821,10.039019607843173,1.134509803921567,17.7872,Mite
ITA,Italy,2001,2828834,23.3661193847656,9376011,1.117515,7.006730769230767,-0.17749999999996646,-2.8692307692307724,17.7872,Mite
ITA,Italy,2002,2836470.25,23.7908096313477,9253504,1.060945,-0.10132075471698344,-12.359811320754687,1.7373584905660344,17.7872,Mite
ITA,Italy,2003,2838358,24.1814804077148,9373395,0.885756,27.362407407407407,9.343888888888912,-1.386481481481482,17.7872,Mite
ITA,Italy,2004,2880195.75,24.3187160491943,9727717,0.804856,3.7332727272727233,-4.659818181818139,0.7790909090909093,17.7872,Mite
ITA,Italy,2005,2902154.75,24.4438152313232,10431371,0.805111,2.5764285714285684,2.190357142857181,-0.4624999999999986,17.7872,Mite
ITA,Italy,2006,2954378.5,24.9287929534912,11578947,0.797168,8.927017543859643,7.575087719298281,-3.224912280701755,17.7872,Mite
ITA,Italy,2007,2997580,25.2422790527344,12565453,0.730754,8.792758620689648,13.46879310344832,-2.245517241379309,17.7872,Mite
ITA,Italy,2008,2966910.75,25.296667098999,13703698,0.683499,10.95389830508474,1.6306779661017288,2.5701694915254247,17.7872,Mite
ITA,Italy,2009,2809511.5,24.8708839416504,15243045,0.718958,10.476333333333328,-2.3789999999999765,1.858666666666668,17.7872,Mite
ITA,Italy,2010,2852472,24.725757598877,14392471,0.755868,2.839016393442616,-23.54655737704914,5.565901639344265,17.7872,Mite
ITA,Italy,2011,2872309.75,24.7840538024902,16139436,0.719207,5.931774193548383,17.693387096774217,-1.3814516129032253,17.7872,Mite
ITA,Italy,2012,2782543.25,24.7213363647461,17104618,0.778848,19.536666666666665,8.919523809523838,1.4058730158730164,17.7872,Mite
ITA,Italy,2013,2731956,24.2708969116211,18357588,0.753234,4.199999999999996,-12.531562499999978,1.8268749999999991,17.7872,Mite
ITA,Italy,2014,2731918,24.2727642059326,17747174,0.753941,-3.2787692307692335,-11.37384615384613,2.763692307692308,17.7872,Mite
ITA,Italy,2015,2756113.75,24.4325141906738,18234838,0.901896,15.4830303030303,14.39469696969698,0.24984848484848676,17.7872,Mite
ITA,Italy,2016,2790185.5,24.789379119873,19393668,0.90389,3.7462686567164134,-13.323432835820867,0.3052238805970173,17.7872,Mite
ITA,Italy,2017,2834931.5,25.0916213989258,19049328,0.887039,17.42617647058823,19.0029411764706,-1.2264705882352924,17.7872,Mite
ITA,Italy,2018,2858366.5,25.3518619537354,18893060,0.847582,4.401449275362321,-26.23130434782608,1.1466666666666685,17.7872,Mite
ITA,Italy,2019,2870633.5,25.50856590271,18839938,0.893409,13.860571428571426,-3.0865714285714176,3.0327142857142864,17.7872,Mite
ITA,Italy,2020,2616059.5,25.0176239013672,19010734,0.876828,7.385070422535211,14.496338028169037,0.5843661971831011,17.7872,Mite
ITA,Italy,2021,2849701.25,25.3115863800049,19507172,0.845982,13.682361111111112,5.577777777777797,-0.15347222222222,17.7872,Mite
ITA,Italy,2022,2982547.75,25.8017635345459,19917532,0.951774,24.15684931506849,20.19726027397263,-1.7393150684931484,17.7872,Mite
ITA,Italy,2023,3003354.75,26.2558193206787,20274386,0.925053,15.099999999999998,14.291486486486503,-0.3643243243243237,17.7872,Mite
JPN,Japan,1952,364884.53125,39.1478271484375,892529.25,361.1,-1.5966666666666676,-4.4266666666666765,1.3966666666666685,14.0124,Mite
JPN,Japan,1953,389346.0625,40.0189094543457,920008.875,360.8,3.0625,0.01749999999999829,3.979999999999997,14.0124,Mite
JPN,Japan,1954,408716.5625,40.4956359863281,955526.1875,360.8,1.7459999999999989,4.390000000000001,2.0479999999999983,14.0124,Mite
JPN,Japan,1955,437435.6875,41.8603096008301,1000642.1875,360.8,5.488333333333333,-1.4333333333333371,2.673333333333332,14.0124,Mite
JPN,Japan,1956,470216.1875,42.8568305969238,1057819.625,360.8,3.375714285714285,-1.279999999999987,1.9057142857142857,14.0124,Mite
JPN,Japan,1957,506968.21875,44.3096313476563,1130631.375,360,-1.990000000000001,-4.15625,1.7025000000000006,14.0124,Mite
JPN,Japan,1958,538460.8125,45.1014022827148,1201906.25,360,1.448888888888888,1.8255555555555671,0.04666666666666685,14.0124,Mite
JPN,Japan,1959,589157.8125,45.6220855712891,1290994.625,360,3.2569999999999997,-6.366999999999983,1.8149999999999975,14.0124,Mite
JPN,Japan,1960,666101.9375,47.02001953125,1420796.25,360,4.033636363636363,-0.8518181818181745,-2.2136363636363647,14.0124,Mite
JPN,Japan,1961,745055.9375,48.1582870483398,1587814.875,360,7.767499999999998,1.0983333333333434,0.409166666666664,14.0124,Mite
JPN,Japan,1962,809106,49.3443870544434,1761539.75,360,2.9792307692307674,-2.3276923076923026,0.31307692307692037,14.0124,Mite
JPN,Japan,1963,880205.1875,50.1327743530273,1952154.5,360,0.06428571428571139,-4.53857142857143,-0.1735714285714316,14.0124,Mite
JPN,Japan,1964,978661.9375,51.1521949768066,2175722.75,360,6.107999999999999,-3.582666666666668,0.4353333333333289,14.0124,Mite
JPN,Japan,1965,1034181.625,52.0738410949707,2398778,360,-5.973750000000003,-1.3899999999999864,0.8674999999999962,14.0124,Mite
JPN,Japan,1966,1140168.875,53.2485618591309,2647647.75,360,-3.4294117647058835,-5.929411764705868,4.8164705882352905,14.0124,Mite
JPN,Japan,1967,1266544.375,54.6046981811523,2962262,360,5.761666666666665,2.626111111111129,-0.834444444444447,14.0124,Mite
JPN,Japan,1968,1417376.25,55.1676368713379,3351099.25,360,-3.238421052631579,-2.7605263157894626,0.13789473684210307,14.0124,Mite
JPN,Japan,1969,1586797.5,56.0072250366211,3809248.25,357.6206,1.436,0.4080000000000013,0.6724999999999994,14.0124,Mite
JPN,Japan,1970,1749957.375,56.3421287536621,4357954,358.0691,1.7295238095238084,0.7790476190476312,0.07857142857142918,14.0124,Mite
JPN,Japan,1971,1832187.75,56.7890892028809,4875092.5,347.7857,0.05681818181818166,-4.038636363636357,1.9554545454545431,14.0124,Mite
JPN,Japan,1972,1986339.75,57.0174560546875,5415725,303.125,-0.9213043478260872,-13.03608695652172,9.608695652173914,14.0124,Mite
JPN,Japan,1973,2145894.5,58.438720703125,6029218,271.3055,4.483749999999999,-0.4274999999999807,-2.857083333333332,14.0124,Mite
JPN,Japan,1974,2119602.25,58.4776344299316,6635102.5,291.8446,-3.5100000000000025,-7.437599999999982,2.5084000000000017,14.0124,Mite
JPN,Japan,1975,2185131.25,58.3492622375488,7273569.5,296.5958,1.1442307692307647,-6.709230769230757,4.152307692307694,14.0124,Mite
JPN,Japan,1976,2271989.75,58.8584365844727,8010115.5,296.1497,-4.37740740740741,-8.723703703703698,5.163703703703703,14.0124,Mite
JPN,Japan,1977,2371737.75,59.4792976379395,8969604,268.2667,-1.125714285714288,5.406071428571437,1.0257142857142902,14.0124,Mite
JPN,Japan,1978,2496774.5,59.867919921875,10155710,210.259,7.892413793103447,-0.196896551724123,-4.474482758620688,14.0124,Mite
JPN,Japan,1979,2633698.75,60.3315696716309,11399977,218.9504,-0.6066666666666709,-1.369666666666646,3.591666666666669,14.0124,Mite
JPN,Japan,1980,2707905.75,60.7890777587891,12276141,226.2296,-8.387096774193552,-1.9158064516128943,5.7403225806451665,14.0124,Mite
JPN,Japan,1981,2823279.25,61.2351951599121,12266467,220.5086,-0.10375000000000334,-0.3834374999999852,-1.791874999999994,14.0124,Mite
JPN,Japan,1982,2915875.5,61.5547790527344,11510014,249.1857,-6.442424242424244,3.574848484848488,0.15333333333333954,14.0124,Mite
JPN,Japan,1983,3021727.75,62.1243667602539,10670814,237.4797,1.6088235294117634,0.2667647058823661,0.17794117647058982,14.0124,Mite
JPN,Japan,1984,3155012.5,62.1679039001465,10199530,237.5444,5.516571428571426,15.326000000000008,-6.6757142857142835,14.0124,Mite
JPN,Japan,1985,3317805.25,62.2749061584473,10305270,238.261,5.577222222222218,3.3113888888888994,0.7916666666666679,14.0124,Mite
JPN,Japan,1986,3427094.75,62.3766136169434,10850328,168.282,0.25027027027026705,8.3202702702702709,-4.13351351351351,14.0124,Mite
JPN,Japan,1987,3586416,62.385181427002,11588052,144.5974,0.18526315789473455,4.323421052631588,-2.369473684210522,14.0124,Mite
JPN,Japan,1988,3825329.5,63.0384483337402,12629342,128.2153,-4.067692307692312,5.7520512820512835,-1.3830769230769209,14.0124,Mite
JPN,Japan,1989,4013757.75,63.6374549865723,13940289,138.0125,-2.162250000000004,0.23599999999999,2.142000000000003,14.0124,Mite
JPN,Japan,1990,4208061,64.284797668457,15505797,144.6574,10.183170731707314,4.444878048780495,2.050731707317073,14.0124,Mite
JPN,Japan,1991,4356325.5,65.5926971435547,17277474,134.5138,0.8133333333333308,-0.8738095238095269,3.4759523809523856,14.0124,Mite
JPN,Japan,1992,4395558,66.3317489624023,19168374,126.5984,0.559999999999997,1.4516279069767393,-1.1272093023255785,14.0124,Mite
JPN,Japan,1993,4375373,66.5837020874023,21082444,111.0582,-7.925681818181821,1.3795454545454646,5.2115909090909085,14.0124,Mite
JPN,Japan,1994,4422775,66.6553344726563,22936888,102.1487,15.355333333333329,12.143555555555553,-6.138888888888889,14.0124,Mite
JPN,Japan,1995,4539138,66.8673934936523,24631340,94.15115,7.596521739130431,4.298043478260865,-2.3858695652173907,14.0124,Mite
JPN,Japan,1996,4681389,66.9127349853516,25931658,108.7673,1.9638297872340384,3.9227659574468134,-3.3236170212765934,14.0124,Mite
JPN,Japan,1997,4727324,67.3798828125,25840840,120.883,1.1689583333333289,14.181041666666658,-0.23854166666666288,14.0124,Mite
JPN,Japan,1998,4667271.5,66.5859985351563,25665468,130.7779,3.8389795918367327,3.1063265306122503,5.839795918367351,14.0124,Mite
JPN,Japan,1999,4651686,65.6704330444336,25425190,113.7668,1.998199999999997,4.288799999999995,0.03900000000000858,14.0124,Mite
JPN,Japan,2000,4780288.5,65.2610778808594,25574376,107.7456,6.076666666666663,-7.334509803921563,-0.8441176470588161,14.0124,Mite
JPN,Japan,2001,4798745.5,64.7689666748047,25677168,121.4089,4.410192307692306,4.418846153846161,-2.4265384615384527,14.0124,Mite
JPN,Japan,2002,4800759,63.7553253173828,25626936,125.1379,5.729999999999999,-0.7566037735848994,-1.6939622641509366,14.0124,Mite
JPN,Japan,2003,4874457,63.5438690185547,26361414,115.9289,-1.8550000000000024,1.6227777777777843,1.65481481481482,14.0124,Mite
JPN,Japan,2004,4981018,63.6831855773926,27221788,108.1583,6.151090909090909,1.4656363636363636,2.498545454545461,14.0124,Mite
JPN,Japan,2005,5070871,63.9229202270508,28233846,110.1814,4.106428571428568,2.0091071428571468,-6.9451785714285705,14.0124,Mite
JPN,Japan,2006,5140460.5,64.2040176391602,29601798,116.307,2.6884210526315755,-1.2977192982456245,0.6826315789473725,14.0124,Mite
JPN,Japan,2007,5216743.5,64.4457550048828,30775324,117.7742,4.8041379310344805,5.682586206896559,-4.449310344827584,14.0124,Mite
JPN,Japan,2008,5152876,64.2170867919922,31796274,103.4436,3.2874576271186413,0.11067796610169012,-3.0861016949152464,14.0124,Mite
JPN,Japan,2009,4859510.5,63.2816162109375,31674104,93.54256,-3.4540000000000024,0.39400000000000546,1.1051666666666762,14.0124,Mite
JPN,Japan,2010,5058649,62.9963493347168,31524384,87.70753,12.153442622950818,-3.4780327868852368,4.628032786885253,14.0124,Mite
JPN,Japan,2011,5059853.5,62.8651466369629,31338398,79.70169,5.286774193548386,3.8193548387096854,1.700161290322587,14.0124,Mite
JPN,Japan,2012,5129414,62.7342987060547,31285218,79.75303,6.216507936507934,-6.190793650793637,0.24619047619048473,14.0124,Mite
JPN,Japan,2013,5232263.5,63.2569694519043,30743842,97.61777,7.507343749999999,4.547031250000003,-1.1357812499999935,14.0124,Mite
JPN,Japan,2014,5247762,63.7834243774414,30481876,105.8178,-2.9958461538461574,2.2321538461538495,0.3980000000000032,14.0124,Mite
JPN,Japan,2015,5329660,64.1638793945313,29301166,121.0796,1.185909090909087,4.522575757575751,2.706363636363644,14.0124,Mite
JPN,Japan,2016,5369836.5,64.8264923095703,29605892,108.6548,5.167611940298507,-4.381044776119396,4.961194029850752,14.0124,Mite
JPN,Japan,2017,5459799,65.4842681884766,28569998,112.1943,4.884705882352936,-3.0948529411764696,-0.8363235294117572,14.0124,Mite
JPN,Japan,2018,5494927.5,66.5834808349609,28538152,110.4737,11.535072463768111,3.4740579710145028,2.6447826086956603,14.0124,Mite
JPN,Japan,2019,5472828,67.2273101806641,29447664,108.9774,5.702428571428564,1.9458571428571505,-1.6019999999999897,14.0124,Mite
JPN,Japan,2020,5245863.5,66.7847595214844,29563630,106.7413,6.450281690140843,3.0719718309859303,3.340281690140852,14.0124,Mite
JPN,Japan,2021,5380121.5,67.1171569824219,29706136,109.8701,2.9980555555555526,4.725416666666675,4.812500000000011,14.0124,Mite
JPN,Japan,2022,5431488,67.6910705566406,29963070,131.5502,9.4172602739726,4.848082191780833,-0.9049315068493052,14.0124,Mite
JPN,Japan,2023,5522683.5,67.9327163696289,30113922,140.5884,18.158513513513512,-2.369459459459435,-1.1787837837837714,14.0124,Mite
