code,name,year,hd30,r20mm
AUS,Australia,1950,149.96,6.08
AUS,Australia,1951,169.27,2.64
AUS,Australia,1952,164.83,2.88
AUS,Australia,1953,159.76,3.91
AUS,Australia,1954,159.73,3.33
AUS,Australia,1955,156.05,4.77
AUS,Australia,1956,144.55,5.81
AUS,Australia,1957,171.14000000000001,3.5300000000000002
AUS,Australia,1958,175.22,2.7199999999999998
AUS,Australia,1959,165.77,3.82
AUS,Australia,1960,156.4,4.07
AUS,Australia,1961,172.19,2.7
AUS,Australia,1962,162.79,3.81
AUS,Australia,1963,151.96,4.6
AUS,Australia,1964,159.52,3.78
AUS,Australia,1965,168.96,3.2800000000000002
AUS,Australia,1966,157.15,3.38
AUS,Australia,1967,154.72,4.45
AUS,Australia,1968,152.15,5.5
AUS,Australia,1969,163.59,3.1999999999999997
AUS,Australia,1970,162.65,2.84
AUS,Australia,1971,151.72,3.9
AUS,Australia,1972,158.82,3.39
AUS,Australia,1973,159.47,5.92
AUS,Australia,1974,124.27,7.96
AUS,Australia,1975,138.02,6.4
AUS,Australia,1976,132.24,5.42
AUS,Australia,1977,155.86,4.75
AUS,Australia,1978,155.93,4.87
AUS,Australia,1979,164.42,4.31
AUS,Australia,1980,177.98,3.9
AUS,Australia,1981,168.42,5.46
AUS,Australia,1982,158.83,3.72
AUS,Australia,1983,158.25,5.07
AUS,Australia,1984,148.35,6
AUS,Australia,1985,160.68,3.52
AUS,Australia,1986,166.96,3.67
AUS,Australia,1987,163.08,4.82
AUS,Australia,1988,168.92,4.92
AUS,Australia,1989,154.83,4.44
AUS,Australia,1990,171.32,3.96
AUS,Australia,1991,172.46,5.07
AUS,Australia,1992,158.48,3.79
AUS,Australia,1993,162.66,5.2
AUS,Australia,1994,167.56,3.1599999999999997
AUS,Australia,1995,160.97,5.1
AUS,Australia,1996,172.6,4.6
AUS,Australia,1997,168.39,5.069999999999999
AUS,Australia,1998,174.16,5.58
AUS,Australia,1999,157.84,5.05
AUS,Australia,2000,148.99,7.46
AUS,Australia,2001,154.69,5.21
AUS,Australia,2002,182.72,2.79
AUS,Australia,2003,172.62,4.79
AUS,Australia,2004,172.42,4.44
AUS,Australia,2005,184.83,3.34
AUS,Australia,2006,165.68,4.53
AUS,Australia,2007,172.6,5.07
AUS,Australia,2008,164.85999999999999,4.54
AUS,Australia,2009,177.88,4.48
AUS,Australia,2010,153.34,7
AUS,Australia,2011,144.87,7.220000000000001
AUS,Australia,2012,166.16,4.66
AUS,Australia,2013,187.82,3.88
AUS,Australia,2014,178.44,4.98
AUS,Australia,2015,177.97,4.46
AUS,Australia,2016,177.39000000000001,4.71
AUS,Australia,2017,181.02,4.53
AUS,Australia,2018,179.93,3.83
AUS,Australia,2019,188.39,2.18
AUS,Australia,2020,177.9,5.31
AUS,Australia,2021,166.66,5.21
AUS,Australia,2022,159.43,6.33
AUS,Australia,2023,177.81,4.91
AUS,Australia,2024,180.02,6.27
BGD,Bangladesh,1950,125.97,34.82
BGD,Bangladesh,1951,140.95,38.98
BGD,Bangladesh,1952,134.51,29.419999999999998
BGD,Bangladesh,1953,113.24,44.68
BGD,Bangladesh,1954,161.46,32.13
BGD,Bangladesh,1955,178.10999999999999,27.009999999999998
BGD,Bangladesh,1956,170.28,33.839999999999996
BGD,Bangladesh,1957,193.84,23.19
BGD,Bangladesh,1958,183.44,35.03
BGD,Bangladesh,1959,141.71,41.82
BGD,Bangladesh,1960,182.63,32.92
BGD,Bangladesh,1961,175.53,23.79
BGD,Bangladesh,1962,183.28,27.2
BGD,Bangladesh,1963,177.43,37.51
BGD,Bangladesh,1964,177.44,35.74
BGD,Bangladesh,1965,145.91,40.5
BGD,Bangladesh,1966,160.76,32.730000000000004
BGD,Bangladesh,1967,160.18,34.21
BGD,Bangladesh,1968,160.97,35.49
BGD,Bangladesh,1969,195.5,27.62
BGD,Bangladesh,1970,177.95,34.22
BGD,Bangladesh,1971,136.59,40.56
BGD,Bangladesh,1972,189.25,24.45
BGD,Bangladesh,1973,173.58,39.1
BGD,Bangladesh,1974,160.70000000000002,39.31
BGD,Bangladesh,1975,175.29,28.74
BGD,Bangladesh,1976,192.35999999999999,31.09
BGD,Bangladesh,1977,161.3,30.02
BGD,Bangladesh,1978,182.5,24.82
BGD,Bangladesh,1979,203.76,25.17
BGD,Bangladesh,1980,185.15,24.54
BGD,Bangladesh,1981,186.42,22.71
BGD,Bangladesh,1982,185.91,21.73
BGD,Bangladesh,1983,174.65,37.2
BGD,Bangladesh,1984,170.83,30.72
BGD,Bangladesh,1985,179.37,21.51
BGD,Bangladesh,1986,174.78,32.25
BGD,Bangladesh,1987,187.32,25.42
BGD,Bangladesh,1988,187.3,35.88
BGD,Bangladesh,1989,182.19,27.1
BGD,Bangladesh,1990,163.38,34.24
BGD,Bangladesh,1991,176.9,35.78
BGD,Bangladesh,1992,192.27,25.23
BGD,Bangladesh,1993,162.1,44.08
BGD,Bangladesh,1994,195.49,25.48
BGD,Bangladesh,1995,196.82,30.86
BGD,Bangladesh,1996,192.08,34.02
BGD,Bangladesh,1997,182.36,30.36
BGD,Bangladesh,1998,192.18,35.84
BGD,Bangladesh,1999,202.64,29.17
BGD,Bangladesh,2000,185.39000000000001,32.38
BGD,Bangladesh,2001,197.22,28.78
BGD,Bangladesh,2002,187.89000000000001,37.89
BGD,Bangladesh,2003,191.34,27.38
BGD,Bangladesh,2004,187.79999999999998,36.25
BGD,Bangladesh,2005,199.14,28.91
BGD,Bangladesh,2006,218.07,24.41
BGD,Bangladesh,2007,187.29,39.21
BGD,Bangladesh,2008,197.06,29.08
BGD,Bangladesh,2009,229.52,30.1
BGD,Bangladesh,2010,225.99,30.81
BGD,Bangladesh,2011,203.28,32.56
BGD,Bangladesh,2012,214.70000000000002,25.47
BGD,Bangladesh,2013,204.69,26.32
BGD,Bangladesh,2014,214.47,22.2
BGD,Bangladesh,2015,200.64,36.97
BGD,Bangladesh,2016,220.94,30.78
BGD,Bangladesh,2017,201.4,37.81
BGD,Bangladesh,2018,216.91,24.98
BGD,Bangladesh,2019,215.11,28.76
BGD,Bangladesh,2020,211.3,30.31
BGD,Bangladesh,2021,227.7,28.71
BGD,Bangladesh,2022,229,23.44
BGD,Bangladesh,2023,234.78,28.26
BGD,Bangladesh,2024,219.17,31.03
BRA,Brazil,1950,127.39,10.81
BRA,Brazil,1951,138.84,9.31
BRA,Brazil,1952,125.64,12.93
BRA,Brazil,1953,130.42,11.91
BRA,Brazil,1954,133.26,10.66
BRA,Brazil,1955,129.03,11.7
BRA,Brazil,1956,96.14,11.709999999999999
BRA,Brazil,1957,145.61,12.540000000000001
BRA,Brazil,1958,182.15,13.11
BRA,Brazil,1959,150.03,13.19
BRA,Brazil,1960,140.43,16.1
BRA,Brazil,1961,174.19,10.07
BRA,Brazil,1962,141.47,14.52
BRA,Brazil,1963,165.16,11.35
BRA,Brazil,1964,122.07000000000001,15.42
BRA,Brazil,1965,133.03,17.55
BRA,Brazil,1966,131.3,16.87
BRA,Brazil,1967,151.92,12.52
BRA,Brazil,1968,139.82,12.24
BRA,Brazil,1969,194.05,10.21
BRA,Brazil,1970,168.22,14.34
BRA,Brazil,1971,135.07,14
BRA,Brazil,1972,162.12,13.91
BRA,Brazil,1973,165.45,14.3
BRA,Brazil,1974,127.37,14.42
BRA,Brazil,1975,144.03,12.87
BRA,Brazil,1976,153.43,14.49
BRA,Brazil,1977,158.75,16.11
BRA,Brazil,1978,153.01,15.99
BRA,Brazil,1979,167.98,15.3
BRA,Brazil,1980,178.15,14.21
BRA,Brazil,1981,174.7,12.88
BRA,Brazil,1982,170.85,12.51
BRA,Brazil,1983,198.49,14.75
BRA,Brazil,1984,166.91,12.09
BRA,Brazil,1985,145.13,15.2
BRA,Brazil,1986,157.19,13.51
BRA,Brazil,1987,201.68,12.67
BRA,Brazil,1988,176.25,15.23
BRA,Brazil,1989,150.1,16.33
BRA,Brazil,1990,188.23000000000002,11.62
BRA,Brazil,1991,174.2,14.040000000000001
BRA,Brazil,1992,176.9,15.04
BRA,Brazil,1993,187.09,13.19
BRA,Brazil,1994,183.08,14.79
BRA,Brazil,1995,194.36,15.110000000000001
BRA,Brazil,1996,183.25,14.229999999999999
BRA,Brazil,1997,199.93,15.88
BRA,Brazil,1998,230.66,13.040000000000001
BRA,Brazil,1999,189.33,15.19
BRA,Brazil,2000,183.92,15.530000000000001
BRA,Brazil,2001,198.69,13.05
BRA,Brazil,2002,219.82,13.95
BRA,Brazil,2003,211.29,13.22
BRA,Brazil,2004,200.69,16
BRA,Brazil,2005,216.4,16.01
BRA,Brazil,2006,203.04,15.78
BRA,Brazil,2007,222.56,14.66
BRA,Brazil,2008,194.89,17.61
BRA,Brazil,2009,202.35999999999999,17.97
BRA,Brazil,2010,233.16,15.35
BRA,Brazil,2011,203.93,18.4
BRA,Brazil,2012,219.09,13.84
BRA,Brazil,2013,212.33,18.04
BRA,Brazil,2014,215.26,15.719999999999999
BRA,Brazil,2015,238.5,13.54
BRA,Brazil,2016,241.33,16.8
BRA,Brazil,2017,224.5,16.34
BRA,Brazil,2018,210.12,16.29
BRA,Brazil,2019,232.7,14.73
BRA,Brazil,2020,226.08,16.79
BRA,Brazil,2021,209.61,17.54
BRA,Brazil,2022,210.02,17.63
BRA,Brazil,2023,236.57999999999998,13.44
BRA,Brazil,2024,253.49,15.639999999999999
CAN,Canada,1950,0.58,3.31
CAN,Canada,1951,0.37,3.1799999999999997
CAN,Canada,1952,0.6799999999999999,3.59
CAN,Canada,1953,1.1400000000000001,3.54
CAN,Canada,1954,0.29,3.78
CAN,Canada,1955,2.69,3.11
CAN,Canada,1956,0.65,3.19
CAN,Canada,1957,0.63,3.27
CAN,Canada,1958,0.96,3.42
CAN,Canada,1959,1.1099999999999999,3.86
CAN,Canada,1960,0.9800000000000001,3.56
CAN,Canada,1961,2.4,3.41
CAN,Canada,1962,0.41,3.6
CAN,Canada,1963,1.25,3.61
CAN,Canada,1964,1.54,3.52
CAN,Canada,1965,0.7999999999999999,3.2
CAN,Canada,1966,1.18,3.68
CAN,Canada,1967,1.47,3.12
CAN,Canada,1968,0.64,3.81
CAN,Canada,1969,1.22,3.35
CAN,Canada,1970,1.95,3.22
CAN,Canada,1971,1.55,3.34
CAN,Canada,1972,0.8,3.09
CAN,Canada,1973,0.91,3.55
CAN,Canada,1974,0.97,3.37
CAN,Canada,1975,2.13,3.29
CAN,Canada,1976,1.3,3.81
CAN,Canada,1977,0.73,3.43
CAN,Canada,1978,0.85,3.16
CAN,Canada,1979,1.17,3.38
CAN,Canada,1980,0.9400000000000001,3.44
CAN,Canada,1981,1.7,3.44
CAN,Canada,1982,0.51,3.13
CAN,Canada,1983,2.34,3.69
CAN,Canada,1984,2.2399999999999998,3.53
CAN,Canada,1985,0.67,3.14
CAN,Canada,1986,1.04,3.37
CAN,Canada,1987,1.27,3.23
CAN,Canada,1988,2.96,3.7
CAN,Canada,1989,2.91,3.06
CAN,Canada,1990,1.57,3.72
CAN,Canada,1991,2.3600000000000003,3.54
CAN,Canada,1992,0.69,3.38
CAN,Canada,1993,0.44,3.38
CAN,Canada,1994,1.06,3.59
CAN,Canada,1995,1.94,3.41
CAN,Canada,1996,1.28,3.78
CAN,Canada,1997,1.04,3.93
CAN,Canada,1998,1.8900000000000001,3.26
CAN,Canada,1999,0.99,4.14
CAN,Canada,2000,0.6900000000000001,3.3
CAN,Canada,2001,2.0500000000000003,3.55
CAN,Canada,2002,2.18,3.42
CAN,Canada,2003,2.36,3.8
CAN,Canada,2004,0.63,3.45
CAN,Canada,2005,2.1399999999999997,4.19
CAN,Canada,2006,1.8900000000000001,3.7
CAN,Canada,2007,2.54,3.95
CAN,Canada,2008,1.05,3.65
CAN,Canada,2009,1.01,3.16
CAN,Canada,2010,0.8,3.89
CAN,Canada,2011,1.1500000000000001,3.95
CAN,Canada,2012,1.8699999999999999,3.66
CAN,Canada,2013,1.51,3.58
CAN,Canada,2014,1.1500000000000001,4
CAN,Canada,2015,1.3599999999999999,3.61
CAN,Canada,2016,0.92,3.86
CAN,Canada,2017,1.63,3.83
CAN,Canada,2018,2.67,3.61
CAN,Canada,2019,0.9,3.64
CAN,Canada,2020,2.25,4.51
CAN,Canada,2021,4.59,3.9
CAN,Canada,2022,2.17,3.91
CAN,Canada,2023,2.68,3.26
CAN,Canada,2024,3.22,3.64
CHN,China,1950,24.35,8.59
CHN,China,1951,24.8,9.200000000000001
CHN,China,1952,24.3,9.03
CHN,China,1953,30.07,7.44
CHN,China,1954,23.84,9.19
CHN,China,1955,24.5,7.67
CHN,China,1956,27.29,7.92
CHN,China,1957,25.14,7.57
CHN,China,1958,28.17,7.92
CHN,China,1959,29.72,8.2
CHN,China,1960,28.54,7.9399999999999995
CHN,China,1961,31.77,9.12
CHN,China,1962,30.66,8.26
CHN,China,1963,31.580000000000002,7.71
CHN,China,1964,27.82,9.040000000000001
CHN,China,1965,24.28,8.06
CHN,China,1966,25.43,7.82
CHN,China,1967,32.28,8.13
CHN,China,1968,28.07,7.9
CHN,China,1969,29.810000000000002,8.06
CHN,China,1970,28.07,7.72
CHN,China,1971,26.68,7.52
CHN,China,1972,29.04,7.83
CHN,China,1973,26.78,8.9
CHN,China,1974,27.38,7.65
CHN,China,1975,29.6,8.1
CHN,China,1976,22.77,7.69
CHN,China,1977,26.81,7.99
CHN,China,1978,32.379999999999995,7.34
CHN,China,1979,26.41,7.57
CHN,China,1980,27.97,7.88
CHN,China,1981,29.2,8.040000000000001
CHN,China,1982,27.82,7.94
CHN,China,1983,27.619999999999997,9.37
CHN,China,1984,26.54,7.92
CHN,China,1985,28.19,7.930000000000001
CHN,China,1986,28.69,7.53
CHN,China,1987,27.89,8.66
CHN,China,1988,29.31,7.53
CHN,China,1989,24.71,7.56
CHN,China,1990,30.54,8.72
CHN,China,1991,30.459999999999997,7.82
CHN,China,1992,27.05,7.7700000000000005
CHN,China,1993,22.880000000000003,8.3
CHN,China,1994,31.71,8.62
CHN,China,1995,28.95,8.26
CHN,China,1996,27.48,8.21
CHN,China,1997,34.67,7.92
CHN,China,1998,32.41,9.59
CHN,China,1999,32.73,7.38
CHN,China,2000,34.83,7.24
CHN,China,2001,33.67,7.03
CHN,China,2002,32.660000000000004,7.88
CHN,China,2003,30.47,7.14
CHN,China,2004,31.91,6.49
CHN,China,2005,35.13,6.87
CHN,China,2006,35.66,6.24
CHN,China,2007,36.25,6.63
CHN,China,2008,33.92,7.08
CHN,China,2009,34.53,5.970000000000001
CHN,China,2010,34.41,7.96
CHN,China,2011,35.1,5.62
CHN,China,2012,31.56,7.35
CHN,China,2013,35.27,7.22
CHN,China,2014,31.209999999999997,6.61
CHN,China,2015,30.709999999999997,7.359999999999999
CHN,China,2016,35.68,7.8999999999999995
CHN,China,2017,37.38,6.77
CHN,China,2018,35.660000000000004,6.36
CHN,China,2019,37.33,6.640000000000001
CHN,China,2020,34.85,8.03
CHN,China,2021,39.21,7.34
CHN,China,2022,40.71,6.95
CHN,China,2023,40.57,6.57
CHN,China,2024,41.87,8.26
COL,Colombia,1950,59.4,35.75
COL,Colombia,1951,58.62,32.44
COL,Colombia,1952,80.92,29.33
COL,Colombia,1953,92.97,28.57
COL,Colombia,1954,59.42,29.88
COL,Colombia,1955,54.6,33.7
COL,Colombia,1956,37.35,35.31
COL,Colombia,1957,123.61999999999999,26.39
COL,Colombia,1958,128.91,34.29
COL,Colombia,1959,112.27,30.58
COL,Colombia,1960,111.07,31.4
COL,Colombia,1961,113.99,28.4
COL,Colombia,1962,117.21000000000001,30.41
COL,Colombia,1963,136.46,28.8
COL,Colombia,1964,116.27,34.79
COL,Colombia,1965,125.45,28.13
COL,Colombia,1966,124.99,32.39
COL,Colombia,1967,110.8,33.08
COL,Colombia,1968,115.53,38.7
COL,Colombia,1969,134.63,36.5
COL,Colombia,1970,114.57000000000001,39.19
COL,Colombia,1971,84.02,41.94
COL,Colombia,1972,109.91,34.82
COL,Colombia,1973,114.8,42.57
COL,Colombia,1974,99.84,37.56
COL,Colombia,1975,87.54,42.019999999999996
COL,Colombia,1976,102.56,33.269999999999996
COL,Colombia,1977,119.09,34.54
COL,Colombia,1978,112.47,38.39
COL,Colombia,1979,122.99,36.05
COL,Colombia,1980,131.22,30.56
COL,Colombia,1981,113.45,36.12
COL,Colombia,1982,99.62,28.85
COL,Colombia,1983,124.78999999999999,28.94
COL,Colombia,1984,90.64,32.5
COL,Colombia,1985,106.72,31.62
COL,Colombia,1986,90.99,36.37
COL,Colombia,1987,121.96,34.85
COL,Colombia,1988,114.43,39.32
COL,Colombia,1989,91.87,35.25
COL,Colombia,1990,98.46,32.9
COL,Colombia,1991,117.69,36.51
COL,Colombia,1992,113.81,32.08
COL,Colombia,1993,99.24,36.89
COL,Colombia,1994,104.48,39.25
COL,Colombia,1995,132.59,34.31
COL,Colombia,1996,95.61,34.46
COL,Colombia,1997,135.64,30.13
COL,Colombia,1998,133.15,39.38
COL,Colombia,1999,90.41,35.72
COL,Colombia,2000,110.45,38.3
COL,Colombia,2001,123.11,31.52
COL,Colombia,2002,131.07999999999998,32.39
COL,Colombia,2003,130.28,33.52
COL,Colombia,2004,134.01999999999998,31.87
COL,Colombia,2005,150.4,31.58
COL,Colombia,2006,136.79,33.51
COL,Colombia,2007,139.9,36.6
COL,Colombia,2008,135.09,35.94
COL,Colombia,2009,149.66,32.55
COL,Colombia,2010,162.22,41.22
COL,Colombia,2011,139.94,38.99
COL,Colombia,2012,140.4,35.410000000000004
COL,Colombia,2013,144.18,35.410000000000004
COL,Colombia,2014,150.43,35.769999999999996
COL,Colombia,2015,159.15,33.26
COL,Colombia,2016,159.98,36.25
COL,Colombia,2017,160.22,32.78
COL,Colombia,2018,145.63,34.82
COL,Colombia,2019,155.5,33.65
COL,Colombia,2020,174.01,33.48
COL,Colombia,2021,151.01,38.16
COL,Colombia,2022,151.49,38.910000000000004
COL,Colombia,2023,189.15,32.72
COL,Colombia,2024,200.49,33.22
FRA,France,1950,6.26,3.6
FRA,France,1951,1.25,5.25
FRA,France,1952,8.15,5.12
FRA,France,1953,3,2.86
FRA,France,1954,0.8999999999999999,4.54
FRA,France,1955,3.56,4.84
FRA,France,1956,1.13,4.01
FRA,France,1957,5.57,4.9
FRA,France,1958,1.73,6.32
FRA,France,1959,4.47,4.72
FRA,France,1960,1.36,6.8
FRA,France,1961,8.16,4.76
FRA,France,1962,6.82,5.08
FRA,France,1963,1.89,5.16
FRA,France,1964,7.83,4.5600000000000005
FRA,France,1965,1.79,7.18
FRA,France,1966,2.36,6.29
FRA,France,1967,4.93,5.02
FRA,France,1968,3.11,6.36
FRA,France,1969,4.09,6.14
FRA,France,1970,3.4299999999999997,5.55
FRA,France,1971,5.24,6.3100000000000005
FRA,France,1972,1.44,6.72
FRA,France,1973,8.02,5.03
FRA,France,1974,4.04,6.03
FRA,France,1975,7.29,4.78
FRA,France,1976,13.24,5.87
FRA,France,1977,0.15000000000000002,6.37
FRA,France,1978,2.17,5.18
FRA,France,1979,1.8399999999999999,6.59
FRA,France,1980,2.33,5.31
FRA,France,1981,3.28,8.49
FRA,France,1982,5.82,7.39
FRA,France,1983,10.33,5.95
FRA,France,1984,5,5.82
FRA,France,1985,4.54,3.98
FRA,France,1986,6.28,6.44
FRA,France,1987,7.25,6.63
FRA,France,1988,3.57,5.6
FRA,France,1989,7.12,3.8800000000000003
FRA,France,1990,12.19,5.0600000000000005
FRA,France,1991,8.23,4.04
FRA,France,1992,7.89,6.32
FRA,France,1993,4.08,7.07
FRA,France,1994,12.55,6.99
FRA,France,1995,10.98,5.61
FRA,France,1996,4.98,6.73
FRA,France,1997,6.54,5.01
FRA,France,1998,9.51,4.56
FRA,France,1999,5.63,7.29
FRA,France,2000,7.19,6.64
FRA,France,2001,10.15,6.32
FRA,France,2002,6.51,6.62
FRA,France,2003,26.09,5.13
FRA,France,2004,8.15,4.71
FRA,France,2005,13.96,3.8000000000000003
FRA,France,2006,16.31,5.99
FRA,France,2007,4.18,5.11
FRA,France,2008,5.17,6.18
FRA,France,2009,11.32,5.1899999999999995
FRA,France,2010,9.23,5.63
FRA,France,2011,7.78,4.99
FRA,France,2012,11.459999999999999,6.4399999999999995
FRA,France,2013,11,7.61
FRA,France,2014,4.84,6.32
FRA,France,2015,18.47,5.45
FRA,France,2016,13.95,5.66
FRA,France,2017,15.809999999999999,4.7
FRA,France,2018,17.169999999999998,6.34
FRA,France,2019,20.91,6.14
FRA,France,2020,18.78,5.2
FRA,France,2021,7.93,6
FRA,France,2022,27.39,4.9399999999999995
FRA,France,2023,20.12,5.49
FRA,France,2024,13.31,8.35
GBR,United Kingdom,1950,0.04,2.27
GBR,United Kingdom,1951,0.05,3.1
GBR,United Kingdom,1952,0.06,2.57
GBR,United Kingdom,1953,0.14,2.41
GBR,United Kingdom,1954,0.04,3.82
GBR,United Kingdom,1955,0.04,2.69
GBR,United Kingdom,1956,0.06,3.55
GBR,United Kingdom,1957,0.16999999999999998,3.86
GBR,United Kingdom,1958,0.04,2.61
GBR,United Kingdom,1959,0.07,2.97
GBR,United Kingdom,1960,0.06,2.9899999999999998
GBR,United Kingdom,1961,0.08,2.44
GBR,United Kingdom,1962,0.06,2.89
GBR,United Kingdom,1963,0.06,1.75
GBR,United Kingdom,1964,0.05,2.84
GBR,United Kingdom,1965,0.05,3.6
GBR,United Kingdom,1966,0.03,2.99
GBR,United Kingdom,1967,0.03,3.48
GBR,United Kingdom,1968,0.02,4.3100000000000005
GBR,United Kingdom,1969,0.03,3.06
GBR,United Kingdom,1970,0.06,2.83
GBR,United Kingdom,1971,0.03,3.48
GBR,United Kingdom,1972,0.02,2.21
GBR,United Kingdom,1973,0.04,3.3
GBR,United Kingdom,1974,0.03,2.88
GBR,United Kingdom,1975,0.48,2.75
GBR,United Kingdom,1976,1.17,3.57
GBR,United Kingdom,1977,0.04,3.18
GBR,United Kingdom,1978,0.04,2.91
GBR,United Kingdom,1979,0.06,3.78
GBR,United Kingdom,1980,0.05,4.06
GBR,United Kingdom,1981,0.06,4.7
GBR,United Kingdom,1982,0.05,4.55
GBR,United Kingdom,1983,0.28,3.62
GBR,United Kingdom,1984,0.05,3.37
GBR,United Kingdom,1985,0.06,4
GBR,United Kingdom,1986,0.04,4.29
GBR,United Kingdom,1987,0.05,3.94
GBR,United Kingdom,1988,0.06,3.03
GBR,United Kingdom,1989,0.09999999999999999,4.42
GBR,United Kingdom,1990,0.9,5.12
GBR,United Kingdom,1991,0.03,3.99
GBR,United Kingdom,1992,0.04,4.2
GBR,United Kingdom,1993,0.06,4.38
GBR,United Kingdom,1994,0.13,3.08
GBR,United Kingdom,1995,0.64,3.9
GBR,United Kingdom,1996,0.17,2.83
GBR,United Kingdom,1997,0.05,3.41
GBR,United Kingdom,1998,0.07,4.8
GBR,United Kingdom,1999,0.12,5.01
GBR,United Kingdom,2000,0.08,5.59
GBR,United Kingdom,2001,0.13,2.88
GBR,United Kingdom,2002,0.07,4.72
GBR,United Kingdom,2003,0.85,1.9400000000000002
GBR,United Kingdom,2004,0.06,4.46
GBR,United Kingdom,2005,0.15,4.43
GBR,United Kingdom,2006,0.9,4.4
GBR,United Kingdom,2007,0.06,5.06
GBR,United Kingdom,2008,0.06,5.46
GBR,United Kingdom,2009,0.06,4.33
GBR,United Kingdom,2010,0.08,2.96
GBR,United Kingdom,2011,0.09,3.87
GBR,United Kingdom,2012,0.07,5.6
GBR,United Kingdom,2013,0.3,3.9
GBR,United Kingdom,2014,0.07,4.09
GBR,United Kingdom,2015,0.25,5.43
GBR,United Kingdom,2016,0.37,3.36
GBR,United Kingdom,2017,0.16999999999999998,3.42
GBR,United Kingdom,2018,0.44,3.55
GBR,United Kingdom,2019,0.95,5.09
GBR,United Kingdom,2020,1.23,6.34
GBR,United Kingdom,2021,0.06,4.47
GBR,United Kingdom,2022,2.33,3.5
GBR,United Kingdom,2023,0.24000000000000002,4.84
GBR,United Kingdom,2024,0.16,5.61
DEU,Germany,1950,2.46,1.99
DEU,Germany,1951,1.26,1.82
DEU,Germany,1952,5.2299999999999995,1.93
DEU,Germany,1953,1.33,1.57
DEU,Germany,1954,0.89,3.4899999999999998
DEU,Germany,1955,0.05,1.71
DEU,Germany,1956,0.01,3.31
DEU,Germany,1957,5.3,2.0100000000000002
DEU,Germany,1958,0.47000000000000003,3.04
DEU,Germany,1959,2.86,2.13
DEU,Germany,1960,0.35000000000000003,2.57
DEU,Germany,1961,1.05,2.24
DEU,Germany,1962,1.09,1.6
DEU,Germany,1963,2.92,1.83
DEU,Germany,1964,6.51,2.73
DEU,Germany,1965,0.34,3.69
DEU,Germany,1966,1.33,3.61
DEU,Germany,1967,1.87,2.78
DEU,Germany,1968,0.88,3.04
DEU,Germany,1969,3.36,2.0100000000000002
DEU,Germany,1970,0.45000000000000007,3.25
DEU,Germany,1971,4.11,2.04
DEU,Germany,1972,2.2600000000000002,2.95
DEU,Germany,1973,2.74,1.6700000000000002
DEU,Germany,1974,1.98,2.12
DEU,Germany,1975,3.8000000000000003,1.82
DEU,Germany,1976,7.45,1.37
DEU,Germany,1977,0.26,2.59
DEU,Germany,1978,0.4,2.91
DEU,Germany,1979,0.39999999999999997,2.64
DEU,Germany,1980,0.74,2.23
DEU,Germany,1981,0.47,5.15
DEU,Germany,1982,2.92,2.44
DEU,Germany,1983,5.9799999999999995,2.83
DEU,Germany,1984,2.1399999999999997,3.74
DEU,Germany,1985,1.3099999999999998,2.02
DEU,Germany,1986,2.19,3.86
DEU,Germany,1987,0.5900000000000001,3
DEU,Germany,1988,0.98,2.48
DEU,Germany,1989,2.52,2.1
DEU,Germany,1990,3.52,2.96
DEU,Germany,1991,3.25,2.79
DEU,Germany,1992,6.18,3.05
DEU,Germany,1993,0.61,3.92
DEU,Germany,1994,12.229999999999999,3.69
DEU,Germany,1995,6.18,3.52
DEU,Germany,1996,1.34,2.5
DEU,Germany,1997,2.57,2.61
DEU,Germany,1998,5.34,3.4
DEU,Germany,1999,2.48,2.5100000000000002
DEU,Germany,2000,3.48,2.29
DEU,Germany,2001,4.47,2.37
DEU,Germany,2002,3.94,5.11
DEU,Germany,2003,14.42,1.5899999999999999
DEU,Germany,2004,1.76,2.63
DEU,Germany,2005,4.28,2.77
DEU,Germany,2006,9.67,1.99
DEU,Germany,2007,2.61,4.91
DEU,Germany,2008,4.04,2.89
DEU,Germany,2009,2.15,2.39
DEU,Germany,2010,8.1,3.92
DEU,Germany,2011,2.24,3.75
DEU,Germany,2012,4.64,2.41
DEU,Germany,2013,7.54,4.5600000000000005
DEU,Germany,2014,3.48,3.26
DEU,Germany,2015,13.84,2.94
DEU,Germany,2016,6.37,2.47
DEU,Germany,2017,3.6399999999999997,3.92
DEU,Germany,2018,12.75,2.65
DEU,Germany,2019,11.86,2.64
DEU,Germany,2020,7.47,3
DEU,Germany,2021,2.77,4.13
DEU,Germany,2022,10.52,2.91
DEU,Germany,2023,6.2700000000000005,3.2399999999999998
DEU,Germany,2024,7.83,4.46
IND,India,1950,146.47,16.08
IND,India,1951,161.79,13.24
IND,India,1952,166.41,14.08
IND,India,1953,145.02,15.18
IND,India,1954,174.13,15.09
IND,India,1955,168.67000000000002,15.43
IND,India,1956,157.91,16.75
IND,India,1957,193.81,14.66
IND,India,1958,181.18,16.99
IND,India,1959,176.22,17.55
IND,India,1960,191.31,14.44
IND,India,1961,164.36,15.64
IND,India,1962,173.04,14.780000000000001
IND,India,1963,191.06,14.93
IND,India,1964,181.44,16.82
IND,India,1965,188.02,14.26
IND,India,1966,187,15.870000000000001
IND,India,1967,188.11,16.89
IND,India,1968,185.35999999999999,14.97
IND,India,1969,202.84,13.18
IND,India,1970,184.12,14.620000000000001
IND,India,1971,170.43,14.97
IND,India,1972,201.69,11.76
IND,India,1973,185.01,15.67
IND,India,1974,196.96,11.05
IND,India,1975,171.24,14.790000000000001
IND,India,1976,196.51,12.71
IND,India,1977,193.98,11.93
IND,India,1978,178.57,12.98
IND,India,1979,200.14,10.97
IND,India,1980,200.07,13.719999999999999
IND,India,1981,186.53,11.28
IND,India,1982,192.61,10.65
IND,India,1983,180.22,14.02
IND,India,1984,188.09,13.25
IND,India,1985,191.29,11.379999999999999
IND,India,1986,191.98,12.780000000000001
IND,India,1987,204.27,9.65
IND,India,1988,199.23,14.51
IND,India,1989,198.43,13.55
IND,India,1990,176.95,17.63
IND,India,1991,195.16,13.53
IND,India,1992,191.26,11.39
IND,India,1993,191.4,13.81
IND,India,1994,180.87,15.33
IND,India,1995,193.66,13.5
IND,India,1996,194.61,13.51
IND,India,1997,186.92000000000002,12.93
IND,India,1998,190.89000000000001,13.77
IND,India,1999,194.5,12.32
IND,India,2000,203.87,12.37
IND,India,2001,206.72,11.93
IND,India,2002,210.43,11.44
IND,India,2003,201.38,14.2
IND,India,2004,205.07,12.52
IND,India,2005,197.29,13.74
IND,India,2006,208.53,14.03
IND,India,2007,206.48,15.540000000000001
IND,India,2008,208.44,15.040000000000001
IND,India,2009,221.83,13.95
IND,India,2010,206.99,16.33
IND,India,2011,211.62,15.61
IND,India,2012,207.38,13.9
IND,India,2013,193.91,17.54
IND,India,2014,207.58,13.64
IND,India,2015,221.44,13.81
IND,India,2016,222.17000000000002,15.09
IND,India,2017,217.89,14.19
IND,India,2018,218.57,13.83
IND,India,2019,200.13,16.849999999999998
IND,India,2020,210.17000000000002,15.559999999999999
IND,India,2021,209.88,14.95
IND,India,2022,206.5,15.95
IND,India,2023,221.97,14.4
IND,India,2024,215.05,17.650000000000002
IDN,Indonesia,1950,61.95,24.78
IDN,Indonesia,1951,75.64,18.47
IDN,Indonesia,1952,78.01,24.88
IDN,Indonesia,1953,74.91,18.7
IDN,Indonesia,1954,51.97,32.32
IDN,Indonesia,1955,61.42,32.86
IDN,Indonesia,1956,61.88,28.94
IDN,Indonesia,1957,85.74,27.87
IDN,Indonesia,1958,115.59,29.14
IDN,Indonesia,1959,82.53999999999999,27.06
IDN,Indonesia,1960,91.29,28.35
IDN,Indonesia,1961,102.46,22.79
IDN,Indonesia,1962,94.48,27.07
IDN,Indonesia,1963,107,22.63
IDN,Indonesia,1964,87.17,27.95
IDN,Indonesia,1965,91.74,23.18
IDN,Indonesia,1966,56.04,34.73
IDN,Indonesia,1967,67.28,30.349999999999998
IDN,Indonesia,1968,72.46,29.46
IDN,Indonesia,1969,95.73,27.09
IDN,Indonesia,1970,89.68,33.54
IDN,Indonesia,1971,74.19,30.59
IDN,Indonesia,1972,103.99000000000001,18.87
IDN,Indonesia,1973,99.42999999999999,33.81
IDN,Indonesia,1974,88.77,25.4
IDN,Indonesia,1975,86.71,32.37
IDN,Indonesia,1976,98.59,22.94
IDN,Indonesia,1977,99.93,27.64
IDN,Indonesia,1978,103.8,33.34
IDN,Indonesia,1979,117.17999999999999,28.55
IDN,Indonesia,1980,119.17999999999999,26.14
IDN,Indonesia,1981,116.8,28.75
IDN,Indonesia,1982,127.35,22.45
IDN,Indonesia,1983,131.43,29.21
IDN,Indonesia,1984,98.1,33.46
IDN,Indonesia,1985,110.23,28.77
IDN,Indonesia,1986,111.24,30.31
IDN,Indonesia,1987,131.99,27.58
IDN,Indonesia,1988,125.16,35.04
IDN,Indonesia,1989,109.69,30.46
IDN,Indonesia,1990,121.55,27.43
IDN,Indonesia,1991,118.23,28.28
IDN,Indonesia,1992,118.19,28.55
IDN,Indonesia,1993,125.71,28.37
IDN,Indonesia,1994,125.11,30.759999999999998
IDN,Indonesia,1995,123.85000000000001,39.55
IDN,Indonesia,1996,131.15,32.95
IDN,Indonesia,1997,159.45,19.44
IDN,Indonesia,1998,162.05,37
IDN,Indonesia,1999,130.05,34.94
IDN,Indonesia,2000,130.39000000000001,34.2
IDN,Indonesia,2001,136.28,32.97
IDN,Indonesia,2002,154.38,26.17
IDN,Indonesia,2003,143.44,32.23
IDN,Indonesia,2004,147.82,26.990000000000002
IDN,Indonesia,2005,145.96,31.75
IDN,Indonesia,2006,151.35,29.59
IDN,Indonesia,2007,145.18,34.98
IDN,Indonesia,2008,134.55,37.24
IDN,Indonesia,2009,162.35999999999999,29.85
IDN,Indonesia,2010,159.11,40.88
IDN,Indonesia,2011,146.57,34.37
IDN,Indonesia,2012,152.92,36.85
IDN,Indonesia,2013,153.24,42.88
IDN,Indonesia,2014,161.43,32.46
IDN,Indonesia,2015,172.04,28.73
IDN,Indonesia,2016,181.81,44
IDN,Indonesia,2017,159.96,42.79
IDN,Indonesia,2018,166.46,35.18
IDN,Indonesia,2019,177.4,29.82
IDN,Indonesia,2020,175.51,43.39
IDN,Indonesia,2021,165.87,41.44
IDN,Indonesia,2022,164.31,42.54
IDN,Indonesia,2023,184.75,32.67
IDN,Indonesia,2024,192.5,44.71
ITA,Italy,1950,31.52,6.47
ITA,Italy,1951,13.629999999999999,13.26
ITA,Italy,1952,27.11,7.24
ITA,Italy,1953,12.77,9.19
ITA,Italy,1954,9.05,9.42
ITA,Italy,1955,7.7,8.41
ITA,Italy,1956,16.99,8.85
ITA,Italy,1957,14.09,10.45
ITA,Italy,1958,14.62,10.76
ITA,Italy,1959,10.72,10.88
ITA,Italy,1960,12.290000000000001,13.67
ITA,Italy,1961,18.77,8.86
ITA,Italy,1962,29.03,8.83
ITA,Italy,1963,12.870000000000001,11.49
ITA,Italy,1964,9.99,10.3
ITA,Italy,1965,13.05,10.33
ITA,Italy,1966,9,12.96
ITA,Italy,1967,13.69,9.41
ITA,Italy,1968,6.84,10.969999999999999
ITA,Italy,1969,7.5600000000000005,10.07
ITA,Italy,1970,14.049999999999999,9.209999999999999
ITA,Italy,1971,16.52,9.59
ITA,Italy,1972,6.41,13.61
ITA,Italy,1973,11.85,9.87
ITA,Italy,1974,12.35,9.6
ITA,Italy,1975,8.290000000000001,11.44
ITA,Italy,1976,4.99,13.17
ITA,Italy,1977,5.13,11.61
ITA,Italy,1978,5.45,11.4
ITA,Italy,1979,8.19,13.88
ITA,Italy,1980,7.86,10.17
ITA,Italy,1981,8.620000000000001,10.64
ITA,Italy,1982,16.29,9.86
ITA,Italy,1983,14.37,8.86
ITA,Italy,1984,7.7,11.35
ITA,Italy,1985,15.99,9.19
ITA,Italy,1986,11.69,8.790000000000001
ITA,Italy,1987,18.96,9.99
ITA,Italy,1988,21.1,7.34
ITA,Italy,1989,10.04,7.8
ITA,Italy,1990,11.93,8.45
ITA,Italy,1991,15.29,9.28
ITA,Italy,1992,15.48,9.93
ITA,Italy,1993,19.21,9.1
ITA,Italy,1994,26.88,8.44
ITA,Italy,1995,12.62,7.92
ITA,Italy,1996,10.52,11.57
ITA,Italy,1997,13.24,9.39
ITA,Italy,1998,26.95,8.56
ITA,Italy,1999,18.58,10.31
ITA,Italy,2000,19.32,11.200000000000001
ITA,Italy,2001,21.01,7.14
ITA,Italy,2002,13.9,11.78
ITA,Italy,2003,41.88,8.63
ITA,Italy,2004,18.32,10.81
ITA,Italy,2005,17.21,9.56
ITA,Italy,2006,23.72,6.74
ITA,Italy,2007,23.74,7.68
ITA,Italy,2008,26.09,12.54
ITA,Italy,2009,25.79,11.86
ITA,Italy,2010,18.2,15.66
ITA,Italy,2011,21.39,8.69
ITA,Italy,2012,35.31,11.5
ITA,Italy,2013,20.04,11.95
ITA,Italy,2014,12.51,12.93
ITA,Italy,2015,31.51,10.42
ITA,Italy,2016,19.83,10.48
ITA,Italy,2017,33.769999999999996,8.93
ITA,Italy,2018,20.810000000000002,11.32
ITA,Italy,2019,30.47,13.25
ITA,Italy,2020,24.1,10.81
ITA,Italy,2021,30.59,10.07
ITA,Italy,2022,41.4,8.46
ITA,Italy,2023,32.55,9.83
ITA,Italy,2024,42.74,13.9
JPN,Japan,1950,5.08,16.98
JPN,Japan,1951,8.950000000000001,18.31
JPN,Japan,1952,4.62,19.740000000000002
JPN,Japan,1953,10.3,23.65
JPN,Japan,1954,9.42,22.23
JPN,Japan,1955,14.26,23.39
JPN,Japan,1956,12.709999999999999,22.94
JPN,Japan,1957,7.06,22.98
JPN,Japan,1958,10.68,21.330000000000002
JPN,Japan,1959,12.85,23.3
JPN,Japan,1960,14.030000000000001,19.05
JPN,Japan,1961,18.47,21.71
JPN,Japan,1962,13.93,21.64
JPN,Japan,1963,11.02,21.14
JPN,Japan,1964,17.5,21.78
JPN,Japan,1965,5.02,22.27
JPN,Japan,1966,7.3500000000000005,26.52
JPN,Japan,1967,16.88,20.82
JPN,Japan,1968,7.7,21.8
JPN,Japan,1969,12.45,22.37
JPN,Japan,1970,12.83,21.78
JPN,Japan,1971,11.16,23.75
JPN,Japan,1972,10.14,31.84
JPN,Japan,1973,15.74,19.25
JPN,Japan,1974,7.6000000000000005,24.72
JPN,Japan,1975,12.299999999999999,26.53
JPN,Japan,1976,6.61,27.74
JPN,Japan,1977,9.82,23.64
JPN,Japan,1978,19.12,17.98
JPN,Japan,1979,10.6,26.169999999999998
JPN,Japan,1980,2.54,28.51
JPN,Japan,1981,10.82,20.92
JPN,Japan,1982,4.28,22.87
JPN,Japan,1983,12.38,22.9
JPN,Japan,1984,16.45,15.85
JPN,Japan,1985,16.669999999999998,23.34
JPN,Japan,1986,11.35,18.3
JPN,Japan,1987,11.290000000000001,20
JPN,Japan,1988,6.93,20.95
JPN,Japan,1989,8.78,24.53
JPN,Japan,1990,21.38,24.49
JPN,Japan,1991,12.030000000000001,26
JPN,Japan,1992,11.790000000000001,21.37
JPN,Japan,1993,3.12,27.83
JPN,Japan,1994,26.75,16.34
JPN,Japan,1995,19.16,20.04
JPN,Japan,1996,13.57,19.03
JPN,Japan,1997,12.799999999999999,22.11
JPN,Japan,1998,15.55,28.31
JPN,Japan,1999,13.75,22.51
JPN,Japan,2000,17.95,21.61
JPN,Japan,2001,16.37,19.98
JPN,Japan,2002,17.8,20.68
JPN,Japan,2003,10.18,24.06
JPN,Japan,2004,18.3,24.95
JPN,Japan,2005,16.33,15.379999999999999
JPN,Japan,2006,14.959999999999999,23.02
JPN,Japan,2007,17.16,17.81
JPN,Japan,2008,15.7,19.12
JPN,Japan,2009,8.9,23.330000000000002
JPN,Japan,2010,24.71,26.93
JPN,Japan,2011,17.93,24.03
JPN,Japan,2012,18.96,22.580000000000002
JPN,Japan,2013,20.37,21.18
JPN,Japan,2014,9.82,22.72
JPN,Japan,2015,14.02,25.07
JPN,Japan,2016,18.080000000000002,27.4
JPN,Japan,2017,17.869999999999997,21.59
JPN,Japan,2018,24.69,25.11
JPN,Japan,2019,18.939999999999998,20.84
JPN,Japan,2020,19.78,25.83
JPN,Japan,2021,16.37,27.37
JPN,Japan,2022,22.92,21.64
JPN,Japan,2023,31.91,21.35
JPN,Japan,2024,33.32,26.58
KEN,Kenya,1950,144.7,6.2
KEN,Kenya,1951,135.55,8.26
KEN,Kenya,1952,146.38,5.5
KEN,Kenya,1953,109.49,8.77
KEN,Kenya,1954,180.68,5.1
KEN,Kenya,1955,197.77,3.98
KEN,Kenya,1956,193.69,3.93
KEN,Kenya,1957,172.07,5.92
KEN,Kenya,1958,193.75,5.76
KEN,Kenya,1959,202.59,5.99
KEN,Kenya,1960,196.9,5
KEN,Kenya,1961,185.18,6.98
KEN,Kenya,1962,186.51,4.66
KEN,Kenya,1963,171.39,6.54
KEN,Kenya,1964,178.44,4.58
KEN,Kenya,1965,195.13,3.31
KEN,Kenya,1966,209.23,3.77
KEN,Kenya,1967,189.55,5.66
KEN,Kenya,1968,171.27,6.27
KEN,Kenya,1969,216.14000000000001,2.52
KEN,Kenya,1970,205.33,4.58
KEN,Kenya,1971,197.24,4.82
KEN,Kenya,1972,210.46,4.53
KEN,Kenya,1973,227.06,3.52
KEN,Kenya,1974,208.76,3.62
KEN,Kenya,1975,197.87,4.37
KEN,Kenya,1976,210.38,3.19
KEN,Kenya,1977,182.42000000000002,7.9
KEN,Kenya,1978,178.38,5.62
KEN,Kenya,1979,189.96,5.78
KEN,Kenya,1980,224.92000000000002,3.79
KEN,Kenya,1981,200.6,4.75
KEN,Kenya,1982,195.66,4.34
KEN,Kenya,1983,219.94,3.9699999999999998
KEN,Kenya,1984,211.4,3.0700000000000003
KEN,Kenya,1985,195.46,4.91
KEN,Kenya,1986,200.66,5.2
KEN,Kenya,1987,227.15,4.62
KEN,Kenya,1988,211.55,5.03
KEN,Kenya,1989,188.88,4.6899999999999995
KEN,Kenya,1990,197.63,4.77
KEN,Kenya,1991,208.01,3.88
KEN,Kenya,1992,202.73,3.83
KEN,Kenya,1993,199.16,3.2
KEN,Kenya,1994,209.69,5.04
KEN,Kenya,1995,215.48,3.83
KEN,Kenya,1996,212.87,3.39
KEN,Kenya,1997,195.64000000000001,8.21
KEN,Kenya,1998,201.98000000000002,6.43
KEN,Kenya,1999,214.54,2.81
KEN,Kenya,2000,227.37,2.2
KEN,Kenya,2001,214.97,4.37
KEN,Kenya,2002,215.8,4.43
KEN,Kenya,2003,223.01,3.93
KEN,Kenya,2004,222.09,4.19
KEN,Kenya,2005,235.25,3.45
KEN,Kenya,2006,221.07,5.75
KEN,Kenya,2007,226.22,4.22
KEN,Kenya,2008,230.35999999999999,3.71
KEN,Kenya,2009,242.58,2.5300000000000002
KEN,Kenya,2010,230.24,5.13
KEN,Kenya,2011,229.28,5.37
KEN,Kenya,2012,233.97,4.72
KEN,Kenya,2013,218.79000000000002,5.51
KEN,Kenya,2014,231.17000000000002,4.13
KEN,Kenya,2015,241.93,5.04
KEN,Kenya,2016,233.8,4.21
KEN,Kenya,2017,243.52,4.14
KEN,Kenya,2018,215.33,6.96
KEN,Kenya,2019,236.03,6.57
KEN,Kenya,2020,225.85,7.91
KEN,Kenya,2021,242.48,3.23
KEN,Kenya,2022,236.13,2.95
KEN,Kenya,2023,232.61,6.17
KEN,Kenya,2024,245.48000000000002,6.51
MYS,Malaysia,1950,83.05,14.41
MYS,Malaysia,1951,98.28,10.61
MYS,Malaysia,1952,104.69,14.84
MYS,Malaysia,1953,101.22,11.74
MYS,Malaysia,1954,71.32,23.62
MYS,Malaysia,1955,97.55,25.89
MYS,Malaysia,1956,78.99,27.01
MYS,Malaysia,1957,105.53999999999999,20.85
MYS,Malaysia,1958,144.89,23.03
MYS,Malaysia,1959,110.82,19.76
MYS,Malaysia,1960,132.84,18.099999999999998
MYS,Malaysia,1961,138.45,16.16
MYS,Malaysia,1962,126.5,25.37
MYS,Malaysia,1963,137.76,21.31
MYS,Malaysia,1964,132.57,21.7
MYS,Malaysia,1965,115.74,18.65
MYS,Malaysia,1966,76.31,29.84
MYS,Malaysia,1967,103.34,24.13
MYS,Malaysia,1968,119.11,22.63
MYS,Malaysia,1969,130.14,25.09
MYS,Malaysia,1970,126.2,26.35
MYS,Malaysia,1971,111.11,22.49
MYS,Malaysia,1972,138.45,17.080000000000002
MYS,Malaysia,1973,145.35,26.07
MYS,Malaysia,1974,119.38,20.35
MYS,Malaysia,1975,125.61,22.1
MYS,Malaysia,1976,133.45,19.490000000000002
MYS,Malaysia,1977,141.31,21.4
MYS,Malaysia,1978,159.44,19.8
MYS,Malaysia,1979,175.08,22.71
MYS,Malaysia,1980,165.56,20.75
MYS,Malaysia,1981,166.57,21.01
MYS,Malaysia,1982,166.21,14.43
MYS,Malaysia,1983,186.62,20.05
MYS,Malaysia,1984,124.34,26.57
MYS,Malaysia,1985,149.24,20.19
MYS,Malaysia,1986,151.41,23.79
MYS,Malaysia,1987,178.51,23.97
MYS,Malaysia,1988,163.27,30.12
MYS,Malaysia,1989,147.4,20.04
MYS,Malaysia,1990,177.85999999999999,20.9
MYS,Malaysia,1991,161.99,25.88
MYS,Malaysia,1992,160.85,17.46
MYS,Malaysia,1993,154.2,22.419999999999998
MYS,Malaysia,1994,163.63,23.55
MYS,Malaysia,1995,159.73,31
MYS,Malaysia,1996,158.98,31.08
MYS,Malaysia,1997,186.39000000000001,18.89
MYS,Malaysia,1998,220.22,24.6
MYS,Malaysia,1999,164.05,29.63
MYS,Malaysia,2000,177.52,27.1
MYS,Malaysia,2001,182.98,26.29
MYS,Malaysia,2002,211.34,17.77
MYS,Malaysia,2003,190.32,22.96
MYS,Malaysia,2004,194.88,20.89
MYS,Malaysia,2005,204.42,20.38
MYS,Malaysia,2006,191.4,25.03
MYS,Malaysia,2007,181.59,32.67
MYS,Malaysia,2008,172.06,35.1
MYS,Malaysia,2009,203,26.939999999999998
MYS,Malaysia,2010,212.82,30.07
MYS,Malaysia,2011,184.05,28.83
MYS,Malaysia,2012,194.68,30.38
MYS,Malaysia,2013,197.97,30.82
MYS,Malaysia,2014,203.22,25.45
MYS,Malaysia,2015,216.33,23.68
MYS,Malaysia,2016,241.78,23.8
MYS,Malaysia,2017,211.03,32.32
MYS,Malaysia,2018,224.47,26.79
MYS,Malaysia,2019,245.89000000000001,21.4
MYS,Malaysia,2020,226.03,32.69
MYS,Malaysia,2021,206.45000000000002,33.61
MYS,Malaysia,2022,200.93,37.22
MYS,Malaysia,2023,233.16,32.95
MYS,Malaysia,2024,247.24,40.21
PAK,Pakistan,1950,161.76,3.16
PAK,Pakistan,1951,175.75,2.73
PAK,Pakistan,1952,172.94,2.8
PAK,Pakistan,1953,158.46,6.18
PAK,Pakistan,1954,176.19,2.9899999999999998
PAK,Pakistan,1955,173.53,4.31
PAK,Pakistan,1956,164.57,6.27
PAK,Pakistan,1957,166.32999999999998,3.08
PAK,Pakistan,1958,181.07999999999998,3.01
PAK,Pakistan,1959,173.7,6.14
PAK,Pakistan,1960,175.48,3.29
PAK,Pakistan,1961,165.05,4.53
PAK,Pakistan,1962,168.36,2.89
PAK,Pakistan,1963,178.31,2.12
PAK,Pakistan,1964,174.86,4.16
PAK,Pakistan,1965,178.49,2.74
PAK,Pakistan,1966,173,2.94
PAK,Pakistan,1967,166.6,4.93
PAK,Pakistan,1968,174.36,2.02
PAK,Pakistan,1969,184.43,2.9
PAK,Pakistan,1970,180.7,2.42
PAK,Pakistan,1971,183.41,2.25
PAK,Pakistan,1972,172.34,3.09
PAK,Pakistan,1973,177.28,4.16
PAK,Pakistan,1974,180.7,1.72
PAK,Pakistan,1975,168.23,4.3100000000000005
PAK,Pakistan,1976,163.84,4.36
PAK,Pakistan,1977,185.78,3.16
PAK,Pakistan,1978,170.28,4.22
PAK,Pakistan,1979,167.89,3.81
PAK,Pakistan,1980,177.81,3.04
PAK,Pakistan,1981,171.76,4.03
PAK,Pakistan,1982,165.42,3.19
PAK,Pakistan,1983,161.97,4.39
PAK,Pakistan,1984,178.09,2.93
PAK,Pakistan,1985,179.82,3.5900000000000003
PAK,Pakistan,1986,173.07,4.03
PAK,Pakistan,1987,179.57,3.24
PAK,Pakistan,1988,183.07,4.18
PAK,Pakistan,1989,171.67000000000002,3.1
PAK,Pakistan,1990,176.05,4.01
PAK,Pakistan,1991,167.71,3.09
PAK,Pakistan,1992,158.76,5.24
PAK,Pakistan,1993,179.28,3.24
PAK,Pakistan,1994,169.12,5.890000000000001
PAK,Pakistan,1995,168.05,4.6
PAK,Pakistan,1996,176.03,3.75
PAK,Pakistan,1997,154.08,3.85
PAK,Pakistan,1998,178.45,3.7800000000000002
PAK,Pakistan,1999,187.25,2.69
PAK,Pakistan,2000,187.5,1.31
PAK,Pakistan,2001,188.67000000000002,2.52
PAK,Pakistan,2002,187.81,1.59
PAK,Pakistan,2003,180.78,3.83
PAK,Pakistan,2004,195.54,2.2800000000000002
PAK,Pakistan,2005,176.92,3.06
PAK,Pakistan,2006,185.92,4.11
PAK,Pakistan,2007,183.19,4.15
PAK,Pakistan,2008,191.38,3.54
PAK,Pakistan,2009,183.32,2.27
PAK,Pakistan,2010,190.01,4.71
PAK,Pakistan,2011,183.46,3.76
PAK,Pakistan,2012,176.17,2.82
PAK,Pakistan,2013,177.09,3.82
PAK,Pakistan,2014,174.2,2.43
PAK,Pakistan,2015,176.34,4.42
PAK,Pakistan,2016,190.83,2.64
PAK,Pakistan,2017,190.52,2.79
PAK,Pakistan,2018,190.96,1.6300000000000001
PAK,Pakistan,2019,171.7,3.55
PAK,Pakistan,2020,174.63,4.61
PAK,Pakistan,2021,192.34,1.8900000000000001
PAK,Pakistan,2022,188.53,5.95
PAK,Pakistan,2023,182.13,2.59
PAK,Pakistan,2024,185.23,4.62
PER,Peru,1950,23.34,16.95
PER,Peru,1951,22,13.97
PER,Peru,1952,24.32,13.22
PER,Peru,1953,26.02,13.86
PER,Peru,1954,23.29,13.48
PER,Peru,1955,28.02,14.1
PER,Peru,1956,8.6,14.64
PER,Peru,1957,50.55,11.99
PER,Peru,1958,61.27,16.28
PER,Peru,1959,61.75,12.6
PER,Peru,1960,79.63,12.2
PER,Peru,1961,76.75,12.65
PER,Peru,1962,78.03,11.45
PER,Peru,1963,88.36,12.13
PER,Peru,1964,73,11.66
PER,Peru,1965,71.77,12.02
PER,Peru,1966,76.61,13.71
PER,Peru,1967,59.69,12.96
PER,Peru,1968,56.68,14.35
PER,Peru,1969,74.68,12.75
PER,Peru,1970,67.39999999999999,13.42
PER,Peru,1971,47.85,17.28
PER,Peru,1972,83.72,14.55
PER,Peru,1973,66.1,16.26
PER,Peru,1974,55.26,13.75
PER,Peru,1975,43.23,17.03
PER,Peru,1976,65.63,14.040000000000001
PER,Peru,1977,72.8,14.3
PER,Peru,1978,70.95,15.26
PER,Peru,1979,79.25,12.39
PER,Peru,1980,89.35,12.02
PER,Peru,1981,71.82,17.42
PER,Peru,1982,70.18,17.11
PER,Peru,1983,100.71,16.89
PER,Peru,1984,61.18,16.43
PER,Peru,1985,61.82,15.1
PER,Peru,1986,55.73,18.06
PER,Peru,1987,82.79,17.4
PER,Peru,1988,81.32,15.91
PER,Peru,1989,67.62,17.4
PER,Peru,1990,64.37,15.86
PER,Peru,1991,73.07,15.360000000000001
PER,Peru,1992,74.04,15.55
PER,Peru,1993,66.48,17.9
PER,Peru,1994,72.81,19.419999999999998
PER,Peru,1995,88.08,14.58
PER,Peru,1996,73.79,13.209999999999999
PER,Peru,1997,90.32,14.34
PER,Peru,1998,95.13,18.16
PER,Peru,1999,66.52,14.23
PER,Peru,2000,73.07,14.76
PER,Peru,2001,77.67,13.19
PER,Peru,2002,83.22,13.4
PER,Peru,2003,84.64,14.129999999999999
PER,Peru,2004,87.5,12.62
PER,Peru,2005,105.36,13.459999999999999
PER,Peru,2006,95.99,14.93
PER,Peru,2007,92.36,15.71
PER,Peru,2008,94.54,16.42
PER,Peru,2009,94.24000000000001,17.83
PER,Peru,2010,111.61,15.48
PER,Peru,2011,92.53,16.44
PER,Peru,2012,97.5,19.33
PER,Peru,2013,96.22,18.49
PER,Peru,2014,91.3,19.27
PER,Peru,2015,100.61,19.05
PER,Peru,2016,114.95,17.86
PER,Peru,2017,100.78999999999999,21.91
PER,Peru,2018,89.05,18.99
PER,Peru,2019,97.75,23.16
PER,Peru,2020,115.12,17.97
PER,Peru,2021,101.21,19.81
PER,Peru,2022,104.11,19.08
PER,Peru,2023,121.49000000000001,19.830000000000002
PER,Peru,2024,135.56,18.01
ZAF,South Africa,1950,63.04,3.8800000000000003
ZAF,South Africa,1951,67.6,3.25
ZAF,South Africa,1952,65.25,4.7
ZAF,South Africa,1953,73.5,3.09
ZAF,South Africa,1954,77.13,2.05
ZAF,South Africa,1955,43.67,4.16
ZAF,South Africa,1956,58.86,4.5600000000000005
ZAF,South Africa,1957,61.35,4.64
ZAF,South Africa,1958,67.8,4.92
ZAF,South Africa,1959,74.04,4.21
ZAF,South Africa,1960,73.61,4.13
ZAF,South Africa,1961,67.66,5.09
ZAF,South Africa,1962,75.97,4.9799999999999995
ZAF,South Africa,1963,66.28,5.16
ZAF,South Africa,1964,73.37,3.09
ZAF,South Africa,1965,76.31,2.19
ZAF,South Africa,1966,73.48,3.46
ZAF,South Africa,1967,63.83,4.82
ZAF,South Africa,1968,71.75999999999999,3.0300000000000002
ZAF,South Africa,1969,75.09,3.24
ZAF,South Africa,1970,86.76,4.07
ZAF,South Africa,1971,63.42,4.21
ZAF,South Africa,1972,71.79,4.3
ZAF,South Africa,1973,68.16,5.37
ZAF,South Africa,1974,48.44,5.7700000000000005
ZAF,South Africa,1975,51.05,5.43
ZAF,South Africa,1976,42.12,6.06
ZAF,South Africa,1977,65.26,5.14
ZAF,South Africa,1978,64.37,3.41
ZAF,South Africa,1979,78.12,3.29
ZAF,South Africa,1980,71.07000000000001,3.0500000000000003
ZAF,South Africa,1981,61.79,4.7
ZAF,South Africa,1982,77.67,3.29
ZAF,South Africa,1983,89.38,3.29
ZAF,South Africa,1984,84.22,3.79
ZAF,South Africa,1985,73.02,5.72
ZAF,South Africa,1986,74.78,4.19
ZAF,South Africa,1987,82.94,5.2
ZAF,South Africa,1988,65.61,6.64
ZAF,South Africa,1989,64.49,5.36
ZAF,South Africa,1990,78.43,3.35
ZAF,South Africa,1991,69.56,5.25
ZAF,South Africa,1992,97.15,2.47
ZAF,South Africa,1993,77.34,4.13
ZAF,South Africa,1994,73.64,3.36
ZAF,South Africa,1995,71.12,5.01
ZAF,South Africa,1996,60.56,6.22
ZAF,South Africa,1997,69.47,4.45
ZAF,South Africa,1998,76.19,4.92
ZAF,South Africa,1999,85.69,3.74
ZAF,South Africa,2000,56.82,7.41
ZAF,South Africa,2001,69.74,5.99
ZAF,South Africa,2002,86.92999999999999,3.53
ZAF,South Africa,2003,100.25,3.19
ZAF,South Africa,2004,82.73,4.28
ZAF,South Africa,2005,84.56,3.64
ZAF,South Africa,2006,69.35,6.1
ZAF,South Africa,2007,87.86,3.65
ZAF,South Africa,2008,82.27,3.54
ZAF,South Africa,2009,77.95,4.4799999999999995
ZAF,South Africa,2010,88.06,5.1899999999999995
ZAF,South Africa,2011,73.3,5.06
ZAF,South Africa,2012,87.22,4.54
ZAF,South Africa,2013,88.77,4.22
ZAF,South Africa,2014,81.85,4.89
ZAF,South Africa,2015,110.19,1.88
ZAF,South Africa,2016,105.72,3.2800000000000002
ZAF,South Africa,2017,89.3,4.47
ZAF,South Africa,2018,97.5,2.77
ZAF,South Africa,2019,110.66,3.41
ZAF,South Africa,2020,88.39,4.72
ZAF,South Africa,2021,77.44,6.819999999999999
ZAF,South Africa,2022,79.62,6.51
ZAF,South Africa,2023,96.59,4.78
ZAF,South Africa,2024,114.76,3.5300000000000002
ESP,Spain,1950,41.16,3.11
ESP,Spain,1951,26.88,5.13
ESP,Spain,1952,26.17,3.73
ESP,Spain,1953,39.31,3.3200000000000003
ESP,Spain,1954,32.86,3.11
ESP,Spain,1955,30.25,4.26
ESP,Spain,1956,21.220000000000002,4.11
ESP,Spain,1957,25.419999999999998,3.64
ESP,Spain,1958,21.83,5.01
ESP,Spain,1959,20.33,5.22
ESP,Spain,1960,23.75,7.11
ESP,Spain,1961,28.169999999999998,5.07
ESP,Spain,1962,37.47,4.81
ESP,Spain,1963,21.83,6.25
ESP,Spain,1964,36.32,3.67
ESP,Spain,1965,29.14,5.3
ESP,Spain,1966,28.080000000000002,6.67
ESP,Spain,1967,31.53,4.62
ESP,Spain,1968,30.43,4.35
ESP,Spain,1969,26.73,6.55
ESP,Spain,1970,34.83,4.6899999999999995
ESP,Spain,1971,21.16,5.17
ESP,Spain,1972,16.21,7.13
ESP,Spain,1973,30.61,4.3500000000000005
ESP,Spain,1974,28.490000000000002,4.51
ESP,Spain,1975,26.950000000000003,4.4
ESP,Spain,1976,23.47,4.03
ESP,Spain,1977,15.31,4.93
ESP,Spain,1978,30.970000000000002,3.75
ESP,Spain,1979,27.419999999999998,6.25
ESP,Spain,1980,35.87,3.97
ESP,Spain,1981,35.83,4.15
ESP,Spain,1982,32.82,4.72
ESP,Spain,1983,34.27,4.23
ESP,Spain,1984,31.32,4.6499999999999995
ESP,Spain,1985,42.5,4.07
ESP,Spain,1986,36.46,3.67
ESP,Spain,1987,37.31,5.39
ESP,Spain,1988,34.03,3.9699999999999998
ESP,Spain,1989,39.26,5.9
ESP,Spain,1990,39.62,2.74
ESP,Spain,1991,45.83,3.83
ESP,Spain,1992,33.14,5.0200000000000005
ESP,Spain,1993,31.04,3.5300000000000002
ESP,Spain,1994,47.41,3.74
ESP,Spain,1995,33.48,4.16
ESP,Spain,1996,31.76,7.04
ESP,Spain,1997,26.19,6.68
ESP,Spain,1998,42.31,2.86
ESP,Spain,1999,40.8,4.16
ESP,Spain,2000,43.79,4.24
ESP,Spain,2001,45.15,5.27
ESP,Spain,2002,36.08,4.3
ESP,Spain,2003,54.93,5.75
ESP,Spain,2004,44.55,3.72
ESP,Spain,2005,50.21,2.46
ESP,Spain,2006,51.36,5.2299999999999995
ESP,Spain,2007,34.6,3.79
ESP,Spain,2008,37.93,4.65
ESP,Spain,2009,52.2,4.7
ESP,Spain,2010,44.07,6.29
ESP,Spain,2011,47.92,3.6
ESP,Spain,2012,55.27,4.37
ESP,Spain,2013,45.86,5.65
ESP,Spain,2014,40.08,4.98
ESP,Spain,2015,54.58,3.73
ESP,Spain,2016,56.5,5.34
ESP,Spain,2017,60.029999999999994,3.77
ESP,Spain,2018,48.910000000000004,5.86
ESP,Spain,2019,51.56,5.09
ESP,Spain,2020,51.92,4.42
ESP,Spain,2021,45.07,4.97
ESP,Spain,2022,66.83,4.36
ESP,Spain,2023,57.56,4.59
ESP,Spain,2024,52.47,6.09
SWE,Sweden,1950,0,2.17
SWE,Sweden,1951,0,1.6300000000000001
SWE,Sweden,1952,0,1.53
SWE,Sweden,1953,0.02,1.79
SWE,Sweden,1954,0,1.85
SWE,Sweden,1955,0.1,0.88
SWE,Sweden,1956,0,1.18
SWE,Sweden,1957,0,1.41
SWE,Sweden,1958,0.02,1.85
SWE,Sweden,1959,0.05,1.24
SWE,Sweden,1960,0,2.38
SWE,Sweden,1961,0,1.99
SWE,Sweden,1962,0,1.31
SWE,Sweden,1963,0,1.69
SWE,Sweden,1964,0,2.79
SWE,Sweden,1965,0,1.52
SWE,Sweden,1966,0.06,1.72
SWE,Sweden,1967,0,2.43
SWE,Sweden,1968,0.25,1.96
SWE,Sweden,1969,0.23,1.52
SWE,Sweden,1970,0.24,2.09
SWE,Sweden,1971,0.01,1.95
SWE,Sweden,1972,0.29,2.73
SWE,Sweden,1973,0.23,1.98
SWE,Sweden,1974,0.04,1.71
SWE,Sweden,1975,1.93,2.16
SWE,Sweden,1976,0.01,1.58
SWE,Sweden,1977,0.18,1.56
SWE,Sweden,1978,0.02,1.87
SWE,Sweden,1979,0.06,2.16
SWE,Sweden,1980,0.01,1.92
SWE,Sweden,1981,0,2.75
SWE,Sweden,1982,0.85,1.62
SWE,Sweden,1983,0.31,2.02
SWE,Sweden,1984,0,2
SWE,Sweden,1985,0,2.63
SWE,Sweden,1986,0.16,1.82
SWE,Sweden,1987,0,2.88
SWE,Sweden,1988,0.27,2.09
SWE,Sweden,1989,0.26,1.6199999999999999
SWE,Sweden,1990,0,2.28
SWE,Sweden,1991,0.48,1.6600000000000001
SWE,Sweden,1992,0.13,2.41
SWE,Sweden,1993,0,3.11
SWE,Sweden,1994,1.6600000000000001,1.17
SWE,Sweden,1995,0.03,2.38
SWE,Sweden,1996,0,1.79
SWE,Sweden,1997,0.02,1.8800000000000001
SWE,Sweden,1998,0,2.6999999999999997
SWE,Sweden,1999,0.03,2.19
SWE,Sweden,2000,0.03,3.5700000000000003
SWE,Sweden,2001,0.1,2.27
SWE,Sweden,2002,0.01,1.57
SWE,Sweden,2003,0.17,1.8800000000000001
SWE,Sweden,2004,0.01,2.13
SWE,Sweden,2005,0.07,2.62
SWE,Sweden,2006,0.34,2.38
SWE,Sweden,2007,0.13,1.79
SWE,Sweden,2008,0.17,1.99
SWE,Sweden,2009,0.04,2.7800000000000002
SWE,Sweden,2010,0.49,2.79
SWE,Sweden,2011,0.09,3.54
SWE,Sweden,2012,0,2.46
SWE,Sweden,2013,0,1.99
SWE,Sweden,2014,0.54,1.8
SWE,Sweden,2015,0.07,2.89
SWE,Sweden,2016,0,1.53
SWE,Sweden,2017,0,2.32
SWE,Sweden,2018,1.84,1.18
SWE,Sweden,2019,0.7999999999999999,2.03
SWE,Sweden,2020,0.38,2.44
SWE,Sweden,2021,0.39,3.46
SWE,Sweden,2022,0.69,2.42
SWE,Sweden,2023,0,3.26
SWE,Sweden,2024,0.01,3.22
THA,Thailand,1950,186.93,8.99
THA,Thailand,1951,196.62,10.6
THA,Thailand,1952,195.42000000000002,16.34
THA,Thailand,1953,159.78,20.43
THA,Thailand,1954,213.46,10.1
THA,Thailand,1955,206.19,12.84
THA,Thailand,1956,192.18,14.03
THA,Thailand,1957,216.96,19.01
THA,Thailand,1958,208.85,13.86
THA,Thailand,1959,213.12,15.23
THA,Thailand,1960,216.03,14.51
THA,Thailand,1961,202.35,16.63
THA,Thailand,1962,200.84,14.290000000000001
THA,Thailand,1963,198.57,15.78
THA,Thailand,1964,206.83,14.64
THA,Thailand,1965,217.02,15.55
THA,Thailand,1966,168.42,18.06
THA,Thailand,1967,196.34,13.42
THA,Thailand,1968,233.42,10.76
THA,Thailand,1969,223.55,14.43
THA,Thailand,1970,213.25,14.98
THA,Thailand,1971,189.6,14.65
THA,Thailand,1972,223.16,16.7
THA,Thailand,1973,224.38,15.37
THA,Thailand,1974,204.12,15.46
THA,Thailand,1975,203.45,18.39
THA,Thailand,1976,203.93,18.77
THA,Thailand,1977,223.14000000000001,13.57
THA,Thailand,1978,222.17,18.7
THA,Thailand,1979,250.7,14.75
THA,Thailand,1980,239.07999999999998,17.64
THA,Thailand,1981,222.5,15.81
THA,Thailand,1982,219.85,14.42
THA,Thailand,1983,229.1,14.540000000000001
THA,Thailand,1984,215.16,13.870000000000001
THA,Thailand,1985,219.19,14.09
THA,Thailand,1986,220.9,17.6
THA,Thailand,1987,242.22,14.42
THA,Thailand,1988,227.23,16.18
THA,Thailand,1989,234.32,14.26
THA,Thailand,1990,244.95,13.7
THA,Thailand,1991,239.59,15.1
THA,Thailand,1992,222.02,14.48
THA,Thailand,1993,235.39,12.36
THA,Thailand,1994,235.29,19.33
THA,Thailand,1995,237.68,18.66
THA,Thailand,1996,224.07999999999998,16.75
THA,Thailand,1997,257.54,14.709999999999999
THA,Thailand,1998,276.12,13.049999999999999
THA,Thailand,1999,214.75,17.259999999999998
THA,Thailand,2000,230.09,19.06
THA,Thailand,2001,238.81,15.83
THA,Thailand,2002,254.3,17.759999999999998
THA,Thailand,2003,254.97,13.879999999999999
THA,Thailand,2004,257.72,12.66
THA,Thailand,2005,255.79,15.18
THA,Thailand,2006,259.42,17.41
THA,Thailand,2007,246.84,18.01
THA,Thailand,2008,227.26,17.2
THA,Thailand,2009,257.90999999999997,14.95
THA,Thailand,2010,266.1,16.169999999999998
THA,Thailand,2011,219.62,21.46
THA,Thailand,2012,273.51,14.55
THA,Thailand,2013,248.74,17.76
THA,Thailand,2014,265.53000000000003,13.16
THA,Thailand,2015,274.09,13.44
THA,Thailand,2016,272.73,15.44
THA,Thailand,2017,258.2,18.83
THA,Thailand,2018,263.39,17.32
THA,Thailand,2019,288.37,14.46
THA,Thailand,2020,279.67,14.75
THA,Thailand,2021,255.10999999999999,19.66
THA,Thailand,2022,256.88,19.54
THA,Thailand,2023,276.35,15.81
THA,Thailand,2024,286.73,16.61
USA,United States of America,1950,37.83,7.33
USA,United States of America,1951,46.21,7.87
USA,United States of America,1952,54.02,6.65
USA,United States of America,1953,53.85,7.21
USA,United States of America,1954,54.489999999999995,6.37
USA,United States of America,1955,52.79,6.41
USA,United States of America,1956,52.04,5.93
USA,United States of America,1957,42.629999999999995,8.05
USA,United States of America,1958,46.32,6.9399999999999995
USA,United States of America,1959,51.08,7.43
USA,United States of America,1960,49.82,7.03
USA,United States of America,1961,46.08,7.65
USA,United States of America,1962,48.27,6.3100000000000005
USA,United States of America,1963,50.269999999999996,5.89
USA,United States of America,1964,48.73,7.2299999999999995
USA,United States of America,1965,40.550000000000004,6.53
USA,United States of America,1966,45.46,6.12
USA,United States of America,1967,40.07,6.67
USA,United States of America,1968,42.300000000000004,6.58
USA,United States of America,1969,45.76,7.05
USA,United States of America,1970,51.269999999999996,6.65
USA,United States of America,1971,45.91,6.45
USA,United States of America,1972,44.339999999999996,6.83
USA,United States of America,1973,45.5,8.82
USA,United States of America,1974,44.54,7.140000000000001
USA,United States of America,1975,43.910000000000004,7.25
USA,United States of America,1976,39.83,6.29
USA,United States of America,1977,49.43,7.33
USA,United States of America,1978,48.769999999999996,7.45
USA,United States of America,1979,42.1,8.28
USA,United States of America,1980,53.79,7.52
USA,United States of America,1981,45.29,7.72
USA,United States of America,1982,41,8.49
USA,United States of America,1983,49.230000000000004,9.19
USA,United States of America,1984,45.84,8.06
USA,United States of America,1985,44.769999999999996,8.02
USA,United States of America,1986,46.379999999999995,8.38
USA,United States of America,1987,49.050000000000004,7.58
USA,United States of America,1988,57.51,6.71
USA,United States of America,1989,47.3,7.51
USA,United States of America,1990,50.47,8.7
USA,United States of America,1991,49.96,8.1
USA,United States of America,1992,38.33,7.83
USA,United States of America,1993,43.27,8.67
USA,United States of America,1994,48.32,7.99
USA,United States of America,1995,47.54,8.32
USA,United States of America,1996,44.78,8.62
USA,United States of America,1997,41.15,7.79
USA,United States of America,1998,51.98,8.64
USA,United States of America,1999,45.99,7.2299999999999995
USA,United States of America,2000,52.24,6.87
USA,United States of America,2001,49.28,7.12
USA,United States of America,2002,55.19,7.66
USA,United States of America,2003,48.67,7.2700000000000005
USA,United States of America,2004,41.03,8.17
USA,United States of America,2005,55.46,7.37
USA,United States of America,2006,56.370000000000005,7.74
USA,United States of America,2007,56.82,6.98
USA,United States of America,2008,48.53,7.89
USA,United States of America,2009,45.18,8.06
USA,United States of America,2010,56.89,7.47
USA,United States of America,2011,59.97,7.64
USA,United States of America,2012,63.12,6.47
USA,United States of America,2013,51.43,7.89
USA,United States of America,2014,48.51,7.5600000000000005
USA,United States of America,2015,52.43,8.69
USA,United States of America,2016,57.69,7.8
USA,United States of America,2017,55.21,8.49
USA,United States of America,2018,60.6,9.48
USA,United States of America,2019,56.07,9.51
USA,United States of America,2020,61.05,7.84
USA,United States of America,2021,59.31,8.01
USA,United States of America,2022,62.87,7.7700000000000005
USA,United States of America,2023,55.71,7.46
USA,United States of America,2024,61.07,8.69
